number,first_opened_at,last_resolved_at,last_closed_at,final_priority,final_state,assignment_group_mode,events_count,resolution_hours,sla_breached,quick_resolution,priority_label
INC100000,2025-01-11 11:57:59.523574,2025-02-11 23:57:59.523574,2025-03-11 01:57:59.523574,1 - Critical,Resolved,Database,2,756.0,1,0,1
INC100006,2025-10-09 14:57:59.523574,2025-12-09 13:57:59.523574,2025-12-09 18:57:59.523574,3 - Moderate,Resolved,Database,1,1463.0,1,0,3
INC100014,2025-11-10 03:57:59.523574,2025-11-10 21:57:59.523574,2025-12-10 02:57:59.523574,4 - Low,Resolved,Security,1,18.0,0,0,4
INC100016,2025-01-10 02:57:59.523574,2025-04-10 01:57:59.523574,2025-04-10 02:57:59.523574,4 - Low,Closed,Network,6,2159.0,1,0,4
INC100018,2025-02-10 07:57:59.523574,2025-03-10 22:57:59.523574,2025-04-10 03:57:59.523574,2 - High,Resolved,Database,6,687.0,1,0,2
INC100020,2025-04-09 23:57:59.523574,2025-06-09 15:57:59.523574,2025-06-09 17:57:59.523574,1 - Critical,Resolved,Network,10,1456.0,1,0,1
INC100023,2025-05-10 18:57:59.523574,2025-08-10 04:57:59.523574,2025-08-10 05:57:59.523574,3 - Moderate,Resolved,Database,2,2194.0,1,0,3
INC100024,2025-01-11 16:57:59.523574,2025-04-11 15:57:59.523574,2025-04-11 17:57:59.523574,3 - Moderate,Resolved,Database,2,2159.0,1,0,3
INC100028,2025-08-09 11:57:59.523574,2025-08-09 18:57:59.523574,2025-08-09 19:57:59.523574,4 - Low,Closed,Network,6,7.0,0,1,4
INC100032,2025-07-09 09:57:59.523574,2025-08-09 07:57:59.523574,2025-08-09 11:57:59.523574,4 - Low,Closed,Network,5,742.0,1,0,4
INC100035,2025-01-10 18:57:59.523574,2025-02-10 15:57:59.523574,2025-02-10 16:57:59.523574,4 - Low,Resolved,Network,2,741.0,1,0,4
INC100037,2025-07-10 13:57:59.523574,2025-10-10 08:57:59.523574,2025-10-10 11:57:59.523574,1 - Critical,Resolved,Application,6,2203.0,1,0,1
INC100039,2025-04-10 15:57:59.523574,2025-05-10 04:57:59.523574,2025-05-10 05:57:59.523574,1 - Critical,Closed,Database,3,709.0,1,0,1
INC100040,2025-08-09 08:57:59.523574,2025-09-09 16:57:59.523574,2025-09-09 19:57:59.523574,3 - Moderate,Resolved,Application,8,752.0,1,0,3
INC100046,2025-03-09 12:57:59.523574,2025-04-09 08:57:59.523574,2025-04-09 13:57:59.523574,1 - Critical,Closed,Network,10,740.0,1,0,1
INC100047,2025-07-10 06:57:59.523574,2025-07-10 12:57:59.523574,2025-07-10 15:57:59.523574,,Resolved,Application,6,6.0,0,1,
INC100051,2025-11-09 20:57:59.523574,,,2 - High,Resolved,Database,1,45.0,1,0,2
INC100052,2025-09-10 00:57:59.523574,2025-10-10 12:57:59.523574,2025-10-10 13:57:59.523574,2 - High,Closed,Application,9,732.0,1,0,2
INC100054,2025-01-11 07:57:59.523574,2025-03-11 15:57:59.523574,2025-03-11 18:57:59.523574,3 - Moderate,Closed,Application,10,1424.0,1,0,3
INC100055,2025-09-10 16:57:59.523574,2025-10-10 17:57:59.523574,2025-10-10 20:57:59.523574,1 - Critical,Closed,Network,1,721.0,1,0,1
INC100056,2025-10-10 21:57:59.523574,2025-11-10 06:57:59.523574,2025-11-10 09:57:59.523574,,Resolved,Application,5,729.0,1,0,
INC100063,2025-09-10 03:57:59.523574,2025-09-10 22:57:59.523574,2025-09-10 23:57:59.523574,4 - Low,Closed,Network,4,19.0,0,0,4
INC100064,2025-12-09 12:57:59.523574,,,2 - High,Resolved,Network,2,67.0,1,0,2
INC100066,2025-10-09 17:57:59.523574,,,4 - Low,Closed,Security,5,58.0,1,0,4
INC100067,2025-10-09 14:57:59.523574,2025-12-09 02:57:59.523574,2025-12-09 07:57:59.523574,2 - High,Resolved,Security,5,1452.0,1,0,2
INC100070,2025-08-10 00:57:59.523574,2025-10-10 22:57:59.523574,2025-11-10 02:57:59.523574,4 - Low,Resolved,Security,4,1486.0,1,0,4
INC100071,2025-09-10 16:57:59.523574,2025-09-10 19:57:59.523574,2025-10-10 00:57:59.523574,4 - Low,Closed,Security,1,3.0,0,1,4
INC100073,2025-06-10 19:57:59.523574,2025-06-10 23:57:59.523574,2025-07-10 03:57:59.523574,3 - Moderate,Closed,Application,3,4.0,0,1,3
INC100074,2025-06-09 06:57:59.523574,2025-09-09 03:57:59.523574,2025-09-09 04:57:59.523574,4 - Low,Resolved,Security,2,2205.0,1,0,4
INC100077,2025-04-10 10:57:59.523574,2025-07-10 08:57:59.523574,2025-07-10 09:57:59.523574,1 - Critical,Resolved,Application,2,2182.0,1,0,1
INC100079,2025-03-10 13:57:59.523574,2025-04-10 04:57:59.523574,2025-04-10 09:57:59.523574,2 - High,Closed,Database,5,735.0,1,0,2
INC100081,2025-05-09 01:57:59.523574,2025-07-09 02:57:59.523574,2025-07-09 06:57:59.523574,1 - Critical,Resolved,Database,10,1465.0,1,0,1
INC100086,2025-11-09 08:57:59.523574,2025-12-09 20:57:59.523574,,2 - High,Closed,Database,10,732.0,1,0,2
INC100092,2025-11-10 12:57:59.523574,,,3 - Moderate,Closed,Application,4,59.0,1,0,3
INC100097,2025-03-10 19:57:59.523574,2025-06-10 04:57:59.523574,2025-06-10 07:57:59.523574,3 - Moderate,Resolved,Database,5,2193.0,1,0,3
INC100099,2025-12-09 16:57:59.523574,,,2 - High,Resolved,Database,9,39.0,1,0,2
INC100101,2025-08-09 16:57:59.523574,2025-10-09 23:57:59.523574,2025-11-09 02:57:59.523574,3 - Moderate,Resolved,Network,4,1471.0,1,0,3
INC100105,2025-07-10 07:57:59.523574,2025-10-10 05:57:59.523574,2025-10-10 07:57:59.523574,2 - High,Closed,Database,3,2206.0,1,0,2
INC100108,2025-07-09 21:57:59.523574,2025-09-09 15:57:59.523574,2025-09-09 20:57:59.523574,,Resolved,Application,2,1482.0,1,0,
INC100110,2025-06-09 02:57:59.523574,2025-07-09 02:57:59.523574,2025-07-09 07:57:59.523574,4 - Low,Closed,Security,2,720.0,1,0,4
INC100111,2025-11-10 21:57:59.523574,,,,Resolved,Network,6,43.0,1,0,
INC100118,2025-01-10 12:57:59.523574,2025-02-10 23:57:59.523574,2025-03-10 03:57:59.523574,3 - Moderate,Closed,Security,4,755.0,1,0,3
INC100120,2025-12-10 18:57:59.523574,,,4 - Low,Closed,Application,10,35.0,1,0,4
INC100121,2025-09-09 06:57:59.523574,2025-11-09 16:57:59.523574,2025-11-09 21:57:59.523574,4 - Low,Closed,Security,6,1474.0,1,0,4
INC100122,2025-05-10 00:57:59.523574,2025-06-10 01:57:59.523574,2025-06-10 03:57:59.523574,4 - Low,Resolved,Security,7,745.0,1,0,4
INC100126,2025-12-10 15:57:59.523574,,,3 - Moderate,Closed,Application,6,51.0,1,0,3
INC100127,2025-08-09 17:57:59.523574,2025-08-09 22:57:59.523574,2025-09-09 03:57:59.523574,4 - Low,Resolved,Network,5,5.0,0,1,4
INC100129,2025-07-09 10:57:59.523574,2025-07-09 16:57:59.523574,2025-07-09 19:57:59.523574,3 - Moderate,Closed,Network,6,6.0,0,1,3
INC100130,2025-07-10 06:57:59.523574,2025-08-10 14:57:59.523574,2025-08-10 19:57:59.523574,3 - Moderate,Resolved,Security,3,752.0,1,0,3
INC100136,2025-10-09 13:57:59.523574,2025-12-09 16:57:59.523574,2025-12-09 19:57:59.523574,1 - Critical,Resolved,Network,10,1467.0,1,0,1
INC100137,2025-11-09 01:57:59.523574,2025-12-09 07:57:59.523574,2025-12-09 12:57:59.523574,4 - Low,Resolved,Application,4,726.0,1,0,4
INC100142,2025-08-09 13:57:59.523574,2025-10-09 16:57:59.523574,2025-10-09 21:57:59.523574,2 - High,Resolved,Application,7,1467.0,1,0,2
INC100145,2025-05-09 15:57:59.523574,2025-06-09 20:57:59.523574,2025-06-09 21:57:59.523574,3 - Moderate,Closed,Security,7,749.0,1,0,3
INC100147,2025-07-09 17:57:59.523574,2025-08-09 11:57:59.523574,2025-08-09 15:57:59.523574,2 - High,Closed,Security,9,738.0,1,0,2
INC100149,2025-04-09 02:57:59.523574,2025-04-09 07:57:59.523574,2025-04-09 10:57:59.523574,4 - Low,Closed,Database,8,5.0,0,1,4
INC100150,2025-09-09 23:57:59.523574,2025-10-09 12:57:59.523574,2025-10-09 15:57:59.523574,2 - High,Resolved,Application,7,709.0,1,0,2
INC100156,2025-01-10 07:57:59.523574,2025-01-10 16:57:59.523574,2025-01-10 20:57:59.523574,4 - Low,Closed,Security,9,9.0,0,1,4
INC100157,2025-05-10 18:57:59.523574,2025-06-10 23:57:59.523574,2025-07-10 04:57:59.523574,1 - Critical,Closed,Network,8,749.0,1,0,1
INC100159,2025-07-09 08:57:59.523574,2025-09-09 02:57:59.523574,2025-09-09 07:57:59.523574,1 - Critical,Resolved,Database,3,1482.0,1,0,1
INC100162,2025-08-10 00:57:59.523574,2025-10-10 11:57:59.523574,2025-10-10 15:57:59.523574,2 - High,Resolved,Security,6,1475.0,1,0,2
INC100164,2025-11-09 08:57:59.523574,2025-11-09 20:57:59.523574,2025-12-09 00:57:59.523574,1 - Critical,Closed,Network,3,12.0,0,0,1
INC100166,2025-08-09 11:57:59.523574,2025-08-09 18:57:59.523574,2025-08-09 21:57:59.523574,4 - Low,Closed,Application,2,7.0,0,1,4
INC100171,2025-09-10 21:57:59.523574,2025-12-10 08:57:59.523574,2025-12-10 11:57:59.523574,2 - High,Closed,Database,5,2171.0,1,0,2
INC100174,2025-08-10 02:57:59.523574,2025-09-10 06:57:59.523574,2025-09-10 11:57:59.523574,4 - Low,Closed,Network,7,748.0,1,0,4
INC100178,2025-09-10 17:57:59.523574,2025-10-10 23:57:59.523574,2025-11-10 04:57:59.523574,2 - High,Resolved,Application,7,726.0,1,0,2
INC100179,2025-07-10 10:57:59.523574,2025-09-10 21:57:59.523574,2025-09-10 22:57:59.523574,1 - Critical,Closed,Application,10,1499.0,1,0,1
INC100182,2025-06-10 16:57:59.523574,2025-08-10 20:57:59.523574,2025-09-10 01:57:59.523574,2 - High,Closed,Network,5,1468.0,1,0,2
INC100187,2025-05-10 14:57:59.523574,2025-07-10 05:57:59.523574,2025-07-10 08:57:59.523574,4 - Low,Closed,Network,9,1455.0,1,0,4
INC100192,2025-05-10 18:57:59.523574,2025-08-10 13:57:59.523574,2025-08-10 18:57:59.523574,4 - Low,Closed,Database,6,2203.0,1,0,4
INC100193,2025-09-10 21:57:59.523574,2025-11-10 17:57:59.523574,2025-11-10 22:57:59.523574,3 - Moderate,Closed,Network,2,1460.0,1,0,3
INC100197,2025-01-11 23:57:59.523574,2025-03-11 15:57:59.523574,2025-03-11 17:57:59.523574,3 - Moderate,Closed,Database,8,1408.0,1,0,3
INC100200,2025-10-09 12:57:59.523574,2025-11-09 10:57:59.523574,2025-11-09 14:57:59.523574,2 - High,Closed,Network,6,742.0,1,0,2
INC100201,2025-05-10 15:57:59.523574,2025-07-10 04:57:59.523574,2025-07-10 08:57:59.523574,2 - High,Resolved,Database,5,1453.0,1,0,2
INC100202,2025-07-09 04:57:59.523574,2025-09-09 04:57:59.523574,2025-09-09 09:57:59.523574,4 - Low,Closed,Security,5,1488.0,1,0,4
INC100203,2025-01-10 18:57:59.523574,2025-04-10 00:57:59.523574,2025-04-10 02:57:59.523574,4 - Low,Resolved,Database,5,2142.0,1,0,4
INC100206,2025-11-09 20:57:59.523574,,,2 - High,Resolved,Security,7,45.0,1,0,2
INC100208,2025-10-09 12:57:59.523574,2025-12-09 07:57:59.523574,2025-12-09 09:57:59.523574,1 - Critical,Resolved,Database,5,1459.0,1,0,1
INC100212,2025-10-09 19:57:59.523574,,,1 - Critical,Resolved,Database,5,69.0,1,0,1
INC100221,2025-07-09 22:57:59.523574,2025-10-09 07:57:59.523574,2025-10-09 11:57:59.523574,4 - Low,Resolved,Application,8,2193.0,1,0,4
INC100222,2025-10-10 18:57:59.523574,2025-12-10 05:57:59.523574,2025-12-10 06:57:59.523574,4 - Low,Resolved, Security  ,7,1451.0,1,0,4
INC100224,2025-05-10 15:57:59.523574,2025-07-10 22:57:59.523574,2025-08-10 00:57:59.523574,3 - Moderate,Closed,Security,8,1471.0,1,0,3
INC100226,2025-01-10 11:57:59.523574,2025-02-10 08:57:59.523574,2025-02-10 09:57:59.523574,3 - Moderate,Closed, Database  ,1,741.0,1,0,3
INC100239,2025-11-09 07:57:59.523574,,,1 - Critical,Resolved,Application,3,67.0,1,0,1
INC100240,2025-04-09 12:57:59.523574,2025-05-09 17:57:59.523574,2025-05-09 20:57:59.523574,3 - Moderate,Resolved,Application,5,725.0,1,0,3
INC100246,2025-12-10 15:57:59.523574,,,2 - High,Closed,Application,7,19.0,0,0,2
INC100249,2025-03-09 22:57:59.523574,2025-06-09 04:57:59.523574,2025-06-09 06:57:59.523574,3 - Moderate,Closed,Database,10,2190.0,1,0,3
INC100251,2025-02-11 08:57:59.523574,2025-04-11 11:57:59.523574,2025-04-11 16:57:59.523574,4 - Low,Resolved,Security,4,1419.0,1,0,4
INC100253,2025-10-09 07:57:59.523574,2025-12-09 15:57:59.523574,2025-12-09 17:57:59.523574,1 - Critical,Closed,Application,7,1472.0,1,0,1
INC100256,2025-08-10 23:57:59.523574,2025-10-10 19:57:59.523574,2025-11-10 00:57:59.523574,1 - Critical,Resolved,Application,4,1460.0,1,0,1
INC100257,2025-02-10 09:57:59.523574,2025-02-10 15:57:59.523574,2025-02-10 16:57:59.523574,4 - Low,Closed,Database,8,6.0,0,1,4
INC100260,2025-04-10 10:57:59.523574,2025-06-10 10:57:59.523574,2025-06-10 13:57:59.523574,3 - Moderate,Closed,Network,10,1464.0,1,0,3
INC100266,2025-05-09 17:57:59.523574,2025-07-09 13:57:59.523574,2025-07-09 18:57:59.523574,4 - Low,Closed,Application,10,1460.0,1,0,4
INC100270,2025-01-11 01:57:59.523574,2025-01-11 12:57:59.523574,2025-01-11 15:57:59.523574,3 - Moderate,Closed,,8,11.0,0,1,3
INC100273,2025-12-10 12:57:59.523574,,,4 - Low,Resolved,Database,9,61.0,1,0,4
INC100274,2025-07-10 14:57:59.523574,2025-10-10 03:57:59.523574,2025-10-10 07:57:59.523574,2 - High,Closed,Database,6,2197.0,1,0,2
INC100276,2025-08-09 05:57:59.523574,2025-08-09 10:57:59.523574,2025-08-09 14:57:59.523574,4 - Low,Resolved,Security,5,5.0,0,1,4
INC100277,2025-03-11 01:57:59.523574,2025-03-11 15:57:59.523574,2025-03-11 18:57:59.523574,1 - Critical,Closed,Application,9,14.0,0,0,1
INC100278,2025-08-09 06:57:59.523574,2025-10-09 23:57:59.523574,2025-11-09 03:57:59.523574,4 - Low,Resolved,Application,2,1481.0,1,0,4
INC100282,2025-03-11 02:57:59.523574,2025-05-11 04:57:59.523574,2025-05-11 06:57:59.523574,2 - High,Closed,Security,6,1466.0,1,0,2
INC100284,2025-05-10 01:57:59.523574,2025-05-10 22:57:59.523574,2025-06-10 02:57:59.523574,1 - Critical,Resolved,Application,5,21.0,0,0,1
INC100286,2025-07-10 12:57:59.523574,2025-10-10 11:57:59.523574,2025-10-10 15:57:59.523574,3 - Moderate,Resolved,Database,10,2207.0,1,0,3
INC100290,2025-01-10 21:57:59.523574,2025-04-10 08:57:59.523574,2025-04-10 13:57:59.523574,2 - High,Closed,Network,5,2147.0,1,0,2
INC100291,2025-09-10 02:57:59.523574,2025-09-10 03:57:59.523574,2025-09-10 05:57:59.523574,1 - Critical,Resolved,Network,7,1.0,0,1,1
INC100293,2025-08-10 05:57:59.523574,2025-08-10 23:57:59.523574,2025-09-10 03:57:59.523574,3 - Moderate,Closed,Application,8,18.0,0,0,3
INC100294,2025-10-10 08:57:59.523574,,,4 - Low,Resolved,Application,3,70.0,1,0,4
INC100295,2025-01-10 06:57:59.523574,2025-02-10 11:57:59.523574,2025-02-10 12:57:59.523574,4 - Low,Closed,Network,8,749.0,1,0,4
INC100299,2025-06-10 03:57:59.523574,2025-09-10 01:57:59.523574,2025-09-10 03:57:59.523574,4 - Low,Resolved,Network,9,2206.0,1,0,4
INC100305,2025-06-09 09:57:59.523574,2025-09-09 09:57:59.523574,2025-09-09 13:57:59.523574,4 - Low,Resolved,Security,7,2207.0,1,0,4
INC100308,2025-04-10 04:57:59.523574,2025-05-10 23:57:59.523574,2025-06-10 02:57:59.523574,2 - High,Resolved,Network,4,739.0,1,0,2
INC100311,2025-01-10 19:57:59.523574,2025-04-10 07:57:59.523574,2025-04-10 08:57:59.523574,3 - Moderate,Closed,Security,4,2148.0,1,0,3
INC100314,2025-09-10 16:57:59.523574,2025-11-10 00:57:59.523574,2025-11-10 04:57:59.523574,2 - High,Closed,Application,8,1448.0,1,0,2
INC100315,2025-05-10 05:57:59.523574,2025-07-10 03:57:59.523574,2025-07-10 05:57:59.523574,4 - Low,Closed,Database,3,1462.0,1,0,4
INC100316,2025-01-10 09:57:59.523574,2025-01-10 19:57:59.523574,2025-01-10 20:57:59.523574,1 - Critical,Closed,,3,10.0,0,1,1
INC100319,2025-03-11 10:57:59.523574,2025-06-11 06:57:59.523574,2025-06-11 09:57:59.523574,4 - Low,Resolved,Application,9,2204.0,1,0,4
INC100321,2025-11-09 23:57:59.523574,,,3 - Moderate,Closed,Network,7,35.0,1,0,3
INC100323,2025-09-10 22:57:59.523574,2025-12-10 21:57:59.523574,,4 - Low,Resolved,Network,3,2183.0,1,0,4
INC100324,2025-02-10 21:57:59.523574,2025-04-10 16:57:59.523574,2025-04-10 21:57:59.523574,1 - Critical,Resolved,Network,4,1411.0,1,0,1
INC100325,2025-06-09 12:57:59.523574,2025-09-09 01:57:59.523574,2025-09-09 04:57:59.523574,2 - High,Resolved,Network,5,2197.0,1,0,2
INC100335,2025-11-10 17:57:59.523574,2025-12-10 05:57:59.523574,2025-12-10 10:57:59.523574,1 - Critical,Closed,Application,1,708.0,1,0,1
INC100336,2025-07-10 22:57:59.523574,2025-08-10 09:57:59.523574,2025-08-10 14:57:59.523574,3 - Moderate,Resolved,Database,7,731.0,1,0,3
INC100338,2025-07-10 02:57:59.523574,2025-09-10 08:57:59.523574,2025-09-10 11:57:59.523574,2 - High,Resolved,Security,6,1494.0,1,0,2
INC100339,2025-04-09 03:57:59.523574,2025-06-09 19:57:59.523574,2025-07-09 00:57:59.523574,3 - Moderate,Closed,Database,2,1480.0,1,0,3
INC100341,2025-06-10 14:57:59.523574,2025-07-10 08:57:59.523574,2025-07-10 11:57:59.523574,3 - Moderate,Resolved,Application,8,714.0,1,0,3
INC100344,2025-03-09 11:57:59.523574,2025-05-09 23:57:59.523574,2025-06-09 01:57:59.523574,1 - Critical,Closed,,2,1476.0,1,0,1
INC100349,2025-03-11 07:57:59.523574,2025-04-11 17:57:59.523574,2025-04-11 19:57:59.523574,1 - Critical,Closed,Database,6,754.0,1,0,1
INC100350,2025-04-10 13:57:59.523574,2025-07-10 06:57:59.523574,2025-07-10 08:57:59.523574,4 - Low,Resolved,Application,8,2177.0,1,0,4
INC100352,2025-05-10 04:57:59.523574,2025-07-10 23:57:59.523574,2025-08-10 03:57:59.523574,3 - Moderate,Closed,,2,1483.0,1,0,3
INC100354,2025-02-11 00:57:59.523574,2025-02-11 14:57:59.523574,2025-02-11 16:57:59.523574,1 - Critical,Resolved,Database,9,14.0,0,0,1
INC100355,2025-12-10 17:57:59.523574,,,2 - High,Closed,Database,3,55.0,1,0,2
INC100357,2025-10-10 10:57:59.523574,2025-11-10 14:57:59.523574,2025-11-10 16:57:59.523574,4 - Low,Resolved,Application,10,748.0,1,0,4
INC100358,2025-12-09 17:57:59.523574,,,1 - Critical,Resolved,Application,8,24.0,0,0,1
INC100362,2025-10-10 12:57:59.523574,2025-11-10 07:57:59.523574,2025-11-10 12:57:59.523574,2 - High,Closed,Security,10,739.0,1,0,2
INC100364,2025-03-10 01:57:59.523574,2025-03-10 19:57:59.523574,2025-03-10 21:57:59.523574,2 - High,Closed,Application,10,18.0,0,0,2
INC100365,2025-08-09 23:57:59.523574,2025-09-09 01:57:59.523574,2025-09-09 05:57:59.523574,1 - Critical,Resolved,Database,7,722.0,1,0,1
INC100366,2025-07-10 13:57:59.523574,2025-10-10 04:57:59.523574,2025-10-10 08:57:59.523574,,Closed,Security,3,2199.0,1,0,
INC100374,2025-06-09 09:57:59.523574,2025-07-09 21:57:59.523574,2025-07-09 23:57:59.523574,4 - Low,Resolved,Database,3,732.0,1,0,4
INC100375,2025-11-09 03:57:59.523574,,,3 - Moderate,Closed,Database,7,51.0,1,0,3
INC100376,2025-06-10 08:57:59.523574,2025-06-10 20:57:59.523574,2025-07-10 00:57:59.523574,4 - Low,Closed,Application,8,12.0,0,0,4
INC100381,2025-02-11 21:57:59.523574,2025-03-11 23:57:59.523574,2025-04-11 01:57:59.523574,4 - Low,Resolved,Application,5,674.0,1,0,4
INC100384,2025-04-10 08:57:59.523574,2025-05-10 01:57:59.523574,2025-05-10 06:57:59.523574,2 - High,Closed,Database,1,713.0,1,0,2
INC100386,2025-10-10 08:57:59.523574,2025-10-10 22:57:59.523574,2025-10-10 23:57:59.523574,2 - High,Closed,Application,5,14.0,0,0,2
INC100387,2025-10-10 06:57:59.523574,2025-11-10 01:57:59.523574,2025-11-10 02:57:59.523574,2 - High,Resolved,Network,8,739.0,1,0,2
INC100392,2025-02-10 22:57:59.523574,2025-03-10 13:57:59.523574,2025-03-10 15:57:59.523574,2 - High,Resolved,Security,9,663.0,1,0,2
INC100393,2025-11-10 00:57:59.523574,2025-11-10 17:57:59.523574,2025-11-10 21:57:59.523574,1 - Critical,Closed,Security,9,17.0,0,0,1
INC100395,2025-01-11 09:57:59.523574,2025-03-11 12:57:59.523574,2025-03-11 17:57:59.523574,2 - High,Closed,Application,7,1419.0,1,0,2
INC100402,2025-01-10 08:57:59.523574,2025-02-10 18:57:59.523574,2025-02-10 23:57:59.523574,3 - Moderate,Closed,Network,8,754.0,1,0,3
INC100405,2025-03-10 23:57:59.523574,2025-06-10 01:57:59.523574,2025-06-10 03:57:59.523574,1 - Critical,Resolved,Database,9,2186.0,1,0,1
INC100408,2025-07-09 20:57:59.523574,2025-09-09 09:57:59.523574,2025-09-09 12:57:59.523574,1 - Critical,Resolved,Application,9,1477.0,1,0,1
INC100409,2025-02-11 23:57:59.523574,2025-04-11 01:57:59.523574,2025-04-11 04:57:59.523574,4 - Low,Resolved,Application,8,1394.0,1,0,4
INC100411,2025-02-11 03:57:59.523574,2025-05-11 01:57:59.523574,2025-05-11 04:57:59.523574,4 - Low,Closed,Network,1,2134.0,1,0,4
INC100412,2025-09-09 11:57:59.523574,2025-11-09 03:57:59.523574,2025-11-09 04:57:59.523574,4 - Low,Resolved,Database,7,1456.0,1,0,4
INC100416,2025-10-09 00:57:59.523574,2025-12-09 03:57:59.523574,2025-12-09 06:57:59.523574,3 - Moderate,Closed,Application,5,1467.0,1,0,3
INC100418,2025-05-10 20:57:59.523574,2025-07-10 13:57:59.523574,2025-07-10 17:57:59.523574,2 - High,Closed,Network,4,1457.0,1,0,2
INC100426,2025-09-10 13:57:59.523574,2025-11-10 20:57:59.523574,2025-11-10 22:57:59.523574,1 - Critical,Resolved,,3,1471.0,1,0,1
INC100428,2025-07-09 17:57:59.523574,2025-10-09 07:57:59.523574,2025-10-09 08:57:59.523574,4 - Low,Closed,Network,7,2198.0,1,0,4
INC100429,2025-08-10 04:57:59.523574,2025-11-10 00:57:59.523574,2025-11-10 02:57:59.523574,2 - High,Closed,Network,6,2204.0,1,0,2
INC100437,2025-03-11 00:57:59.523574,2025-04-11 02:57:59.523574,2025-04-11 04:57:59.523574,4 - Low,Resolved,Application,6,746.0,1,0,4
INC100438,2025-02-11 06:57:59.523574,2025-03-11 01:57:59.523574,2025-03-11 02:57:59.523574,1 - Critical,Resolved,Application,6,667.0,1,0,1
INC100441,2025-10-10 01:57:59.523574,2025-11-10 15:57:59.523574,2025-11-10 17:57:59.523574,2 - High,Resolved,Database,10,758.0,1,0,2
INC100442,2025-09-09 16:57:59.523574,2025-09-09 21:57:59.523574,2025-09-09 23:57:59.523574,4 - Low,Resolved,Application,10,5.0,0,1,4
INC100443,2025-04-09 19:57:59.523574,2025-05-09 14:57:59.523574,2025-05-09 17:57:59.523574,1 - Critical,Resolved,Network,6,715.0,1,0,1
INC100446,2025-09-10 20:57:59.523574,2025-12-10 02:57:59.523574,2025-12-10 04:57:59.523574,1 - Critical,Closed,Security,7,2166.0,1,0,1
INC100453,2025-02-11 21:57:59.523574,2025-03-11 09:57:59.523574,2025-03-11 12:57:59.523574,3 - Moderate,Resolved,Security,2,660.0,1,0,3
INC100455,2025-03-10 19:57:59.523574,2025-05-10 05:57:59.523574,2025-05-10 06:57:59.523574,4 - Low,Resolved,Security,6,1450.0,1,0,4
INC100456,2025-11-10 05:57:59.523574,,,4 - Low,Closed,Application,8,58.0,1,0,4
INC100460,2025-08-10 12:57:59.523574,2025-08-10 17:57:59.523574,2025-08-10 22:57:59.523574,1 - Critical,Resolved,Database,8,5.0,0,1,1
INC100461,2025-04-09 05:57:59.523574,2025-05-09 09:57:59.523574,2025-05-09 11:57:59.523574,2 - High,Resolved,Database,7,724.0,1,0,2
INC100463,2025-09-10 17:57:59.523574,2025-11-10 20:57:59.523574,2025-12-10 01:57:59.523574,1 - Critical,Closed,Application,9,1467.0,1,0,1
INC100464,2025-06-09 10:57:59.523574,2025-09-09 05:57:59.523574,2025-09-09 09:57:59.523574,4 - Low,Closed,,3,2203.0,1,0,4
INC100466,2025-07-09 21:57:59.523574,2025-09-09 07:57:59.523574,2025-09-09 11:57:59.523574,3 - Moderate,Closed,Security,1,1474.0,1,0,3
INC100469,2025-12-09 01:57:59.523574,,,3 - Moderate,Resolved,Security,4,40.0,1,0,3
INC100473,2025-08-09 04:57:59.523574,2025-08-09 12:57:59.523574,2025-08-09 14:57:59.523574,2 - High,Closed,Network,1,8.0,0,1,2
INC100476,2025-12-10 05:57:59.523574,,,3 - Moderate,Resolved,,7,34.0,1,0,3
INC100478,2025-02-10 10:57:59.523574,2025-02-10 12:57:59.523574,2025-02-10 16:57:59.523574,4 - Low,Resolved, Database  ,10,2.0,0,1,4
INC100483,2025-01-10 03:57:59.523574,2025-01-10 11:57:59.523574,2025-01-10 16:57:59.523574,2 - High,Closed,Security,3,8.0,0,1,2
INC100486,2025-10-09 05:57:59.523574,,,3 - Moderate,Resolved,Application,8,72.0,1,0,3
INC100489,2025-05-10 07:57:59.523574,2025-07-10 20:57:59.523574,2025-07-10 21:57:59.523574,3 - Moderate,Closed,Network,4,1477.0,1,0,3
INC100490,2025-08-09 13:57:59.523574,2025-10-09 14:57:59.523574,2025-10-09 19:57:59.523574,1 - Critical,Closed,Application,1,1465.0,1,0,1
INC100493,2025-06-10 02:57:59.523574,2025-07-10 05:57:59.523574,2025-07-10 07:57:59.523574,1 - Critical,Closed,Database,2,723.0,1,0,1
INC100496,2025-01-11 13:57:59.523574,2025-01-11 14:57:59.523574,2025-01-11 16:57:59.523574,2 - High,Closed,Database,5,1.0,0,1,2
INC100499,2025-06-09 19:57:59.523574,2025-08-09 17:57:59.523574,2025-08-09 19:57:59.523574,3 - Moderate,Closed,Database,1,1462.0,1,0,3
INC100504,2025-07-10 13:57:59.523574,2025-08-10 02:57:59.523574,2025-08-10 07:57:59.523574,3 - Moderate,Resolved,Application,7,733.0,1,0,3
INC100505,2025-01-10 11:57:59.523574,2025-02-10 03:57:59.523574,2025-02-10 06:57:59.523574,1 - Critical,Resolved,Network,8,736.0,1,0,1
INC100508,2025-03-11 10:57:59.523574,2025-03-11 22:57:59.523574,2025-03-11 23:57:59.523574,2 - High,Resolved,Security,2,12.0,0,0,2
INC100510,2025-05-10 09:57:59.523574,2025-05-10 22:57:59.523574,2025-06-10 00:57:59.523574,3 - Moderate,Closed,Network,6,13.0,0,0,3
INC100511,2025-06-10 11:57:59.523574,2025-07-10 02:57:59.523574,2025-07-10 03:57:59.523574,3 - Moderate,Resolved,Network,3,711.0,1,0,3
INC100512,2025-12-10 23:57:59.523574,,,2 - High,Resolved,Application,6,57.0,1,0,2
INC100514,2025-12-09 21:57:59.523574,,,4 - Low,Resolved,Database,3,22.0,0,0,4
INC100515,2025-07-10 16:57:59.523574,2025-10-10 06:57:59.523574,2025-10-10 11:57:59.523574,1 - Critical,Resolved,Security,10,2198.0,1,0,1
INC100517,2025-06-10 09:57:59.523574,2025-06-10 18:57:59.523574,2025-06-10 21:57:59.523574,4 - Low,Resolved,Application,9,9.0,0,1,4
INC100519,2025-11-10 13:57:59.523574,,,4 - Low,Resolved,Network,3,50.0,1,0,4
INC100520,2025-09-09 19:57:59.523574,2025-10-09 17:57:59.523574,2025-10-09 18:57:59.523574,4 - Low,Closed,Security,4,718.0,1,0,4
INC100522,2025-04-10 20:57:59.523574,2025-07-10 06:57:59.523574,2025-07-10 07:57:59.523574,1 - Critical,Closed,Security,6,2170.0,1,0,1
INC100523,2025-02-10 11:57:59.523574,2025-02-10 14:57:59.523574,2025-02-10 15:57:59.523574,1 - Critical,Closed,Security,1,3.0,0,1,1
INC100524,2025-12-09 08:57:59.523574,,,1 - Critical,Closed,Database,6,39.0,1,0,1
INC100525,2025-12-09 09:57:59.523574,,,3 - Moderate,Closed,Application,6,29.0,1,0,3
INC100529,2025-12-09 04:57:59.523574,,,4 - Low,Resolved,Security,10,44.0,1,0,4
INC100532,2025-09-10 13:57:59.523574,2025-11-10 07:57:59.523574,2025-11-10 12:57:59.523574,1 - Critical,Closed,Security,10,1458.0,1,0,1
INC100537,2025-07-09 21:57:59.523574,2025-07-09 23:57:59.523574,2025-08-09 04:57:59.523574,3 - Moderate,Resolved,Network,7,2.0,0,1,3
INC100542,2025-02-11 11:57:59.523574,2025-03-11 20:57:59.523574,2025-03-11 22:57:59.523574,1 - Critical,Resolved,Security,6,681.0,1,0,1
INC100547,2025-02-10 16:57:59.523574,2025-05-10 15:57:59.523574,2025-05-10 18:57:59.523574,3 - Moderate,Closed,Network,9,2135.0,1,0,3
INC100557,2025-09-10 20:57:59.523574,2025-12-10 00:57:59.523574,2025-12-10 04:57:59.523574,4 - Low,Resolved,Application,7,2164.0,1,0,4
INC100560,2025-08-10 13:57:59.523574,2025-08-10 17:57:59.523574,2025-08-10 21:57:59.523574,4 - Low,Resolved,Database,3,4.0,0,1,4
INC100565,2025-09-09 17:57:59.523574,2025-12-09 05:57:59.523574,2025-12-09 10:57:59.523574,1 - Critical,Closed,Network,2,2172.0,1,0,1
INC100571,2025-02-10 17:57:59.523574,2025-03-10 07:57:59.523574,2025-03-10 09:57:59.523574,3 - Moderate,Closed,,3,662.0,1,0,3
INC100574,2025-09-10 03:57:59.523574,2025-10-10 17:57:59.523574,2025-10-10 19:57:59.523574,3 - Moderate,Resolved,Security,7,734.0,1,0,3
INC100575,2025-02-10 10:57:59.523574,2025-03-10 17:57:59.523574,2025-03-10 22:57:59.523574,3 - Moderate,Resolved, Database  ,8,679.0,1,0,3
INC100578,2025-09-10 19:57:59.523574,2025-12-10 06:57:59.523574,2025-12-10 07:57:59.523574,3 - Moderate,Closed,Network,2,2171.0,1,0,3
INC100579,2025-10-09 11:57:59.523574,2025-11-09 21:57:59.523574,2025-12-09 02:57:59.523574,3 - Moderate,Closed,Database,7,754.0,1,0,3
INC100581,2025-11-10 23:57:59.523574,,,4 - Low,Resolved,Network,8,63.0,1,0,4
INC100583,2025-10-10 15:57:59.523574,2025-11-10 07:57:59.523574,2025-11-10 09:57:59.523574,2 - High,Closed,Security,2,736.0,1,0,2
INC100585,2025-01-11 06:57:59.523574,2025-02-11 03:57:59.523574,2025-02-11 05:57:59.523574,2 - High,Resolved,Network,1,741.0,1,0,2
INC100587,2025-05-10 15:57:59.523574,2025-08-10 04:57:59.523574,2025-08-10 08:57:59.523574,2 - High,Resolved,Database,7,2197.0,1,0,2
INC100590,2025-02-11 04:57:59.523574,2025-04-11 23:57:59.523574,2025-05-11 04:57:59.523574,1 - Critical,Resolved,Security,10,1435.0,1,0,1
INC100592,2025-06-09 15:57:59.523574,2025-09-09 13:57:59.523574,2025-09-09 14:57:59.523574,2 - High,Closed,Security,6,2206.0,1,0,2
INC100594,2025-07-10 06:57:59.523574,2025-08-10 15:57:59.523574,2025-08-10 19:57:59.523574,1 - Critical,Resolved,Database,5,753.0,1,0,1
INC100598,2025-07-10 17:57:59.523574,2025-10-10 17:57:59.523574,2025-10-10 21:57:59.523574,2 - High,Closed,Database,9,2207.0,1,0,2
INC100604,2025-06-10 10:57:59.523574,2025-07-10 12:57:59.523574,2025-07-10 17:57:59.523574,4 - Low,Resolved,Application,1,722.0,1,0,4
INC100609,2025-07-10 18:57:59.523574,2025-08-10 08:57:59.523574,2025-08-10 13:57:59.523574,2 - High,Closed,Network,6,734.0,1,0,2
INC100610,2025-12-09 18:57:59.523574,,,1 - Critical,Closed,Application,7,33.0,1,0,1
INC100618,2025-09-09 19:57:59.523574,2025-11-09 19:57:59.523574,2025-12-09 00:57:59.523574,1 - Critical,Closed,Application,10,1464.0,1,0,1
INC100619,2025-03-10 05:57:59.523574,2025-05-10 23:57:59.523574,2025-06-10 02:57:59.523574,3 - Moderate,Resolved,,10,1482.0,1,0,3
INC100621,2025-05-10 07:57:59.523574,2025-08-10 02:57:59.523574,2025-08-10 06:57:59.523574,2 - High,Resolved,Application,1,2203.0,1,0,2
INC100622,2025-09-10 16:57:59.523574,2025-10-10 05:57:59.523574,2025-10-10 08:57:59.523574,2 - High,Closed,Application,3,709.0,1,0,2
INC100624,2025-07-10 04:57:59.523574,2025-09-10 10:57:59.523574,2025-09-10 13:57:59.523574,4 - Low,Closed,Application,5,1494.0,1,0,4
INC100629,2025-12-09 02:57:59.523574,,,2 - High,Closed,Security,5,61.0,1,0,2
INC100630,2025-10-10 17:57:59.523574,,,3 - Moderate,Resolved,Application,7,72.0,1,0,3
INC100631,2025-11-10 13:57:59.523574,2025-12-10 15:57:59.523574,2025-12-10 20:57:59.523574,1 - Critical,Closed,Database,6,722.0,1,0,1
INC100633,2025-04-10 14:57:59.523574,2025-05-10 09:57:59.523574,2025-05-10 11:57:59.523574,3 - Moderate,Closed,Application,10,715.0,1,0,3
INC100634,2025-10-09 08:57:59.523574,2025-10-09 19:57:59.523574,2025-10-09 21:57:59.523574,4 - Low,Resolved,Application,6,11.0,0,1,4
INC100643,2025-05-09 23:57:59.523574,2025-08-09 13:57:59.523574,2025-08-09 18:57:59.523574,3 - Moderate,Resolved,Database,8,2198.0,1,0,3
INC100644,2025-10-10 21:57:59.523574,2025-12-10 07:57:59.523574,2025-12-10 09:57:59.523574,3 - Moderate,Resolved,Application,1,1450.0,1,0,3
INC100645,2025-12-10 01:57:59.523574,,,2 - High,Closed,Network,8,61.0,1,0,2
INC100646,2025-02-11 21:57:59.523574,2025-04-11 11:57:59.523574,2025-04-11 16:57:59.523574,3 - Moderate,Resolved,Database,9,1406.0,1,0,3
INC100648,2025-10-09 22:57:59.523574,2025-12-09 03:57:59.523574,2025-12-09 06:57:59.523574,4 - Low,Closed,Network,4,1445.0,1,0,4
INC100653,2025-02-11 19:57:59.523574,2025-03-11 23:57:59.523574,2025-04-11 02:57:59.523574,2 - High,Closed,Security,8,676.0,1,0,2
INC100654,2025-04-10 12:57:59.523574,2025-04-10 17:57:59.523574,2025-04-10 20:57:59.523574,3 - Moderate,Resolved,Network,1,5.0,0,1,3
INC100656,2025-11-09 22:57:59.523574,2025-12-09 00:57:59.523574,2025-12-09 01:57:59.523574,3 - Moderate,Closed,Database,8,698.0,1,0,3
INC100661,2025-09-10 03:57:59.523574,2025-09-10 05:57:59.523574,2025-09-10 06:57:59.523574,1 - Critical,Resolved,Security,6,2.0,0,1,1
INC100668,2025-12-09 02:57:59.523574,,,3 - Moderate,Resolved,Security,9,70.0,1,0,3
INC100675,2025-12-09 14:57:59.523574,2025-12-09 22:57:59.523574,,4 - Low,Closed,Security,1,8.0,0,1,4
INC100676,2025-01-10 09:57:59.523574,2025-01-10 19:57:59.523574,2025-01-10 22:57:59.523574,3 - Moderate,Resolved,Network,9,10.0,0,1,3
INC100680,2025-02-10 00:57:59.523574,2025-02-10 21:57:59.523574,2025-03-10 02:57:59.523574,4 - Low,Closed,Security,6,21.0,0,0,4
INC100681,2025-09-09 23:57:59.523574,2025-12-09 04:57:59.523574,2025-12-09 08:57:59.523574,3 - Moderate,Resolved,Application,10,2165.0,1,0,3
INC100682,2025-09-10 17:57:59.523574,2025-11-10 02:57:59.523574,2025-11-10 05:57:59.523574,2 - High,Closed,Security,7,1449.0,1,0,2
INC100686,2025-07-09 16:57:59.523574,2025-09-09 00:57:59.523574,2025-09-09 02:57:59.523574,3 - Moderate,Closed,Application,2,1472.0,1,0,3
INC100689,2025-11-10 21:57:59.523574,,,3 - Moderate,Resolved,Database,7,54.0,1,0,3
INC100694,2025-03-10 17:57:59.523574,2025-04-10 19:57:59.523574,2025-04-10 23:57:59.523574,2 - High,Resolved,Security,9,746.0,1,0,2
INC100696,2025-06-10 23:57:59.523574,2025-08-10 20:57:59.523574,2025-08-10 22:57:59.523574,4 - Low,Closed,Application,10,1461.0,1,0,4
INC100698,2025-05-09 03:57:59.523574,2025-06-09 05:57:59.523574,2025-06-09 08:57:59.523574,1 - Critical,Resolved,Database,2,746.0,1,0,1
INC100700,2025-05-10 19:57:59.523574,2025-05-10 22:57:59.523574,2025-06-10 01:57:59.523574,3 - Moderate,Resolved,Database,4,3.0,0,1,3
INC100706,2025-12-10 19:57:59.523574,,,3 - Moderate,Closed,Network,6,51.0,1,0,3
INC100708,2025-08-09 10:57:59.523574,2025-11-09 10:57:59.523574,2025-11-09 13:57:59.523574,4 - Low,Resolved,Database,6,2207.0,1,0,4
INC100710,2025-07-10 01:57:59.523574,2025-08-10 20:57:59.523574,2025-09-10 00:57:59.523574,2 - High,Resolved,Database,3,763.0,1,0,2
INC100711,2025-09-09 06:57:59.523574,2025-10-09 22:57:59.523574,2025-11-09 03:57:59.523574,2 - High,Closed,,3,736.0,1,0,2
INC100717,2025-02-10 19:57:59.523574,2025-03-10 13:57:59.523574,2025-03-10 15:57:59.523574,4 - Low,Resolved,Database,1,666.0,1,0,4
INC100721,2025-05-10 20:57:59.523574,2025-06-10 02:57:59.523574,2025-06-10 04:57:59.523574,1 - Critical,Resolved,Security,9,726.0,1,0,1
INC100726,2025-02-11 05:57:59.523574,2025-04-11 16:57:59.523574,2025-04-11 21:57:59.523574,4 - Low,Closed,Database,2,1427.0,1,0,4
INC100729,2025-01-11 05:57:59.523574,2025-03-11 00:57:59.523574,2025-03-11 05:57:59.523574,4 - Low,Resolved,Database,3,1411.0,1,0,4
INC100732,2025-02-11 20:57:59.523574,2025-05-11 12:57:59.523574,2025-05-11 16:57:59.523574,3 - Moderate,Closed,Network,4,2128.0,1,0,3
INC100740,2025-01-10 04:57:59.523574,2025-02-10 07:57:59.523574,2025-02-10 12:57:59.523574,4 - Low,Resolved,Network,10,747.0,1,0,4
INC100741,2025-03-10 11:57:59.523574,2025-05-10 00:57:59.523574,2025-05-10 04:57:59.523574,1 - Critical,Closed,Application,9,1453.0,1,0,1
INC100742,2025-05-09 06:57:59.523574,2025-07-09 22:57:59.523574,2025-08-09 03:57:59.523574,3 - Moderate,Closed,Security,3,1480.0,1,0,3
INC100745,2025-02-11 14:57:59.523574,2025-03-11 16:57:59.523574,2025-03-11 19:57:59.523574,2 - High,Resolved,Application,5,674.0,1,0,2
INC100746,2025-01-10 17:57:59.523574,2025-03-10 11:57:59.523574,2025-03-10 12:57:59.523574,3 - Moderate,Closed,Network,6,1410.0,1,0,3
INC100748,2025-05-09 19:57:59.523574,2025-06-09 00:57:59.523574,2025-06-09 02:57:59.523574,4 - Low,Resolved,Security,8,725.0,1,0,4
INC100749,2025-04-10 21:57:59.523574,2025-05-10 05:57:59.523574,2025-05-10 10:57:59.523574,3 - Moderate,Closed,Application,9,704.0,1,0,3
INC100751,2025-12-10 22:57:59.523574,,,1 - Critical,Resolved,Security,10,69.0,1,0,1
INC100752,2025-09-09 01:57:59.523574,2025-10-09 18:57:59.523574,2025-10-09 19:57:59.523574,1 - Critical,Closed,Application,2,737.0,1,0,1
INC100753,2025-08-09 03:57:59.523574,2025-10-09 03:57:59.523574,2025-10-09 07:57:59.523574,4 - Low,Resolved,Application,9,1464.0,1,0,4
INC100755,2025-12-09 19:57:59.523574,,,1 - Critical,Closed,Database,8,65.0,1,0,1
INC100757,2025-09-10 12:57:59.523574,2025-12-10 07:57:59.523574,2025-12-10 08:57:59.523574,4 - Low,Closed,Network,1,2179.0,1,0,4
INC100758,2025-12-10 20:57:59.523574,,,1 - Critical,Resolved,Application,10,6.0,0,1,1
INC100761,2025-02-11 15:57:59.523574,2025-05-11 15:57:59.523574,2025-05-11 20:57:59.523574,1 - Critical,Resolved,Network,9,2136.0,1,0,1
INC100764,2025-03-10 13:57:59.523574,2025-03-10 20:57:59.523574,2025-03-10 21:57:59.523574,1 - Critical,Resolved,Security,2,7.0,0,1,1
INC100765,2025-09-10 05:57:59.523574,2025-11-10 15:57:59.523574,2025-11-10 20:57:59.523574,4 - Low,Closed,Application,6,1474.0,1,0,4
INC100768,2025-08-09 15:57:59.523574,2025-10-09 01:57:59.523574,2025-10-09 04:57:59.523574,2 - High,Resolved,Security,6,1450.0,1,0,2
INC100769,2025-04-10 19:57:59.523574,2025-04-10 23:57:59.523574,2025-05-10 00:57:59.523574,3 - Moderate,Resolved,Security,6,4.0,0,1,3
INC100770,2025-05-10 05:57:59.523574,2025-06-10 18:57:59.523574,2025-06-10 21:57:59.523574,4 - Low,Resolved,Database,7,757.0,1,0,4
INC100775,2025-11-09 20:57:59.523574,2025-12-09 19:57:59.523574,2025-12-09 22:57:59.523574,1 - Critical,Resolved,Security,10,719.0,1,0,1
INC100777,2025-12-09 06:57:59.523574,2025-12-09 07:57:59.523574,2025-12-09 09:57:59.523574,2 - High,Closed,Database,9,1.0,0,1,2
INC100778,2025-09-10 15:57:59.523574,2025-12-10 01:57:59.523574,2025-12-10 03:57:59.523574,3 - Moderate,Closed,Database,5,2170.0,1,0,3
INC100779,2025-05-09 21:57:59.523574,2025-07-09 18:57:59.523574,2025-07-09 19:57:59.523574,3 - Moderate,Closed,Network,3,1461.0,1,0,3
INC100781,2025-09-09 10:57:59.523574,2025-10-09 17:57:59.523574,2025-10-09 21:57:59.523574,3 - Moderate,Closed,Security,7,727.0,1,0,3
INC100784,2025-03-11 08:57:59.523574,2025-03-11 11:57:59.523574,2025-03-11 13:57:59.523574,2 - High,Closed,Security,3,3.0,0,1,2
INC100788,2025-01-11 09:57:59.523574,2025-03-11 23:57:59.523574,2025-04-11 02:57:59.523574,3 - Moderate,Closed,Network,2,1430.0,1,0,3
INC100791,2025-03-10 20:57:59.523574,2025-06-10 14:57:59.523574,2025-06-10 18:57:59.523574,1 - Critical,Closed,Application,6,2202.0,1,0,1
INC100800,2025-03-10 11:57:59.523574,2025-06-10 08:57:59.523574,2025-06-10 10:57:59.523574,3 - Moderate,Closed,Security,8,2205.0,1,0,3
INC100807,2025-01-11 15:57:59.523574,2025-02-11 03:57:59.523574,2025-02-11 04:57:59.523574,1 - Critical,Resolved,Database,2,732.0,1,0,1
INC100808,2025-09-09 15:57:59.523574,2025-10-09 08:57:59.523574,2025-10-09 12:57:59.523574,1 - Critical,Resolved,Database,3,713.0,1,0,1
INC100813,2025-05-09 20:57:59.523574,2025-07-09 06:57:59.523574,2025-07-09 07:57:59.523574,1 - Critical,Resolved,Network,2,1450.0,1,0,1
INC100816,2025-08-10 11:57:59.523574,2025-08-10 20:57:59.523574,2025-09-10 01:57:59.523574,4 - Low,Resolved,Database,7,9.0,0,1,4
INC100824,2025-03-09 13:57:59.523574,2025-06-09 10:57:59.523574,2025-06-09 12:57:59.523574,4 - Low,Resolved,Database,1,2205.0,1,0,4
INC100825,2025-02-10 14:57:59.523574,2025-02-10 17:57:59.523574,2025-02-10 21:57:59.523574,2 - High,Resolved,Network,3,3.0,0,1,2
INC100827,2025-10-09 16:57:59.523574,2025-11-09 01:57:59.523574,2025-11-09 02:57:59.523574,,Closed,Network,10,729.0,1,0,
INC100831,2025-04-09 16:57:59.523574,2025-04-09 22:57:59.523574,2025-05-09 00:57:59.523574,2 - High,Closed,Network,3,6.0,0,1,2
INC100832,2025-07-09 19:57:59.523574,2025-08-09 06:57:59.523574,2025-08-09 07:57:59.523574,1 - Critical,Resolved,Network,2,731.0,1,0,1
INC100833,2025-07-10 12:57:59.523574,2025-10-10 01:57:59.523574,2025-10-10 03:57:59.523574,3 - Moderate,Resolved,Database,5,2197.0,1,0,3
INC100834,2025-08-10 03:57:59.523574,2025-09-10 02:57:59.523574,2025-09-10 07:57:59.523574,4 - Low,Resolved,Network,8,743.0,1,0,4
INC100836,2025-01-10 07:57:59.523574,2025-03-10 06:57:59.523574,2025-03-10 11:57:59.523574,1 - Critical,Closed,Database,4,1415.0,1,0,1
INC100839,2025-12-10 15:57:59.523574,,,3 - Moderate,Resolved,Network,9,59.0,1,0,3
INC100846,2025-09-09 20:57:59.523574,2025-12-09 07:57:59.523574,2025-12-09 11:57:59.523574,1 - Critical,Closed,Database,4,2171.0,1,0,1
INC100848,2025-09-09 04:57:59.523574,2025-11-09 17:57:59.523574,2025-11-09 21:57:59.523574,4 - Low,Resolved,Application,7,1477.0,1,0,4
INC100850,2025-08-10 09:57:59.523574,2025-08-10 15:57:59.523574,2025-08-10 19:57:59.523574,1 - Critical,Closed,Network,9,6.0,0,1,1
INC100851,2025-03-10 12:57:59.523574,2025-04-10 01:57:59.523574,2025-04-10 05:57:59.523574,4 - Low,Resolved,Security,2,733.0,1,0,4
INC100854,2025-04-10 20:57:59.523574,2025-05-10 14:57:59.523574,2025-05-10 18:57:59.523574,1 - Critical,Closed,Database,8,714.0,1,0,1
INC100855,2025-08-09 14:57:59.523574,2025-09-09 00:57:59.523574,2025-09-09 04:57:59.523574,1 - Critical,Resolved,Application,5,730.0,1,0,1
INC100858,2025-04-10 15:57:59.523574,2025-04-10 21:57:59.523574,2025-05-10 00:57:59.523574,3 - Moderate,Resolved,Application,9,6.0,0,1,3
INC100862,2025-03-10 12:57:59.523574,2025-06-10 09:57:59.523574,2025-06-10 14:57:59.523574,1 - Critical,Closed,Application,10,2205.0,1,0,1
INC100863,2025-12-09 13:57:59.523574,2025-12-09 22:57:59.523574,,3 - Moderate,Resolved,Security,2,9.0,0,1,3
INC100864,2025-07-09 05:57:59.523574,2025-08-09 18:57:59.523574,2025-08-09 19:57:59.523574,4 - Low,Resolved,Network,5,757.0,1,0,4
INC100869,2025-07-09 01:57:59.523574,2025-07-09 23:57:59.523574,2025-08-09 02:57:59.523574,2 - High,Closed,Database,6,22.0,0,0,2
INC100874,2025-05-10 17:57:59.523574,2025-06-10 14:57:59.523574,2025-06-10 19:57:59.523574,3 - Moderate,Resolved,Application,1,741.0,1,0,3
INC100875,2025-04-09 19:57:59.523574,2025-05-09 14:57:59.523574,2025-05-09 18:57:59.523574,4 - Low,Resolved,Application,1,715.0,1,0,4
INC100877,2025-12-10 12:57:59.523574,,,4 - Low,Resolved,Network,9,15.0,0,0,4
INC100882,2025-10-10 22:57:59.523574,2025-12-10 22:57:59.523574,2025-12-10 23:57:59.523574,4 - Low,Closed,Application,6,1464.0,1,0,4
INC100883,2025-05-10 17:57:59.523574,2025-06-10 05:57:59.523574,2025-06-10 07:57:59.523574,3 - Moderate,Closed,Security,8,732.0,1,0,3
INC100888,2025-02-10 17:57:59.523574,2025-05-10 05:57:59.523574,2025-05-10 07:57:59.523574,3 - Moderate,Resolved,Network,3,2124.0,1,0,3
INC100890,2025-05-09 12:57:59.523574,2025-06-09 20:57:59.523574,2025-06-09 21:57:59.523574,4 - Low,Closed,Network,8,752.0,1,0,4
INC100894,2025-10-10 21:57:59.523574,2025-12-10 19:57:59.523574,2025-12-10 20:57:59.523574,3 - Moderate,Closed,Application,9,1462.0,1,0,3
INC100895,2025-02-10 04:57:59.523574,2025-03-10 04:57:59.523574,2025-03-10 05:57:59.523574,1 - Critical,Closed,Database,6,672.0,1,0,1
INC100897,2025-01-10 01:57:59.523574,2025-03-10 01:57:59.523574,2025-03-10 05:57:59.523574,2 - High,Closed,Security,3,1416.0,1,0,2
INC100899,2025-06-09 08:57:59.523574,2025-06-09 23:57:59.523574,2025-07-09 01:57:59.523574,4 - Low,Closed,Network,6,15.0,0,0,4
INC100904,2025-04-10 07:57:59.523574,2025-05-10 16:57:59.523574,2025-05-10 17:57:59.523574,1 - Critical,Closed,Network,1,729.0,1,0,1
INC100907,2025-01-10 16:57:59.523574,2025-02-10 01:57:59.523574,2025-02-10 02:57:59.523574,2 - High,Resolved,Network,4,729.0,1,0,2
INC100909,2025-05-10 13:57:59.523574,2025-06-10 03:57:59.523574,2025-06-10 05:57:59.523574,2 - High,Closed,Application,7,734.0,1,0,2
INC100910,2025-02-10 03:57:59.523574,2025-04-10 08:57:59.523574,2025-04-10 09:57:59.523574,2 - High,Resolved,Application,8,1421.0,1,0,2
INC100911,2025-01-10 06:57:59.523574,2025-03-10 22:57:59.523574,2025-04-10 01:57:59.523574,1 - Critical,Resolved,Application,2,1432.0,1,0,1
INC100912,2025-03-10 07:57:59.523574,2025-05-10 09:57:59.523574,2025-05-10 12:57:59.523574,3 - Moderate,Closed,Security,8,1466.0,1,0,3
INC100923,2025-04-09 09:57:59.523574,2025-06-09 17:57:59.523574,2025-06-09 18:57:59.523574,1 - Critical,Closed,Security,6,1472.0,1,0,1
INC100924,2025-05-10 20:57:59.523574,2025-06-10 01:57:59.523574,2025-06-10 02:57:59.523574,4 - Low,Closed,Database,3,725.0,1,0,4
INC100927,2025-02-10 09:57:59.523574,2025-04-10 12:57:59.523574,2025-04-10 15:57:59.523574,2 - High,Closed,Security,10,1419.0,1,0,2
INC100929,2025-11-10 11:57:59.523574,2025-11-10 15:57:59.523574,2025-11-10 18:57:59.523574,3 - Moderate,Resolved,Security,7,4.0,0,1,3
INC100930,2025-11-10 21:57:59.523574,,,3 - Moderate,Resolved,Database,4,45.0,1,0,3
INC100934,2025-12-09 19:57:59.523574,,,1 - Critical,Closed,Application,9,13.0,0,0,1
INC100936,2025-10-09 17:57:59.523574,2025-11-09 21:57:59.523574,2025-12-09 00:57:59.523574,1 - Critical,Resolved,Application,5,748.0,1,0,1
INC100939,2025-02-10 01:57:59.523574,2025-04-10 09:57:59.523574,2025-04-10 14:57:59.523574,3 - Moderate,Resolved,Application,7,1424.0,1,0,3
INC100942,2025-01-10 04:57:59.523574,2025-03-10 03:57:59.523574,2025-03-10 07:57:59.523574,1 - Critical,Resolved,Database,3,1415.0,1,0,1
INC100943,2025-09-09 21:57:59.523574,2025-12-09 02:57:59.523574,2025-12-09 05:57:59.523574,3 - Moderate,Resolved,Network,7,2165.0,1,0,3
INC100944,2025-12-09 01:57:59.523574,2025-12-09 22:57:59.523574,,3 - Moderate,Closed,Database,4,21.0,0,0,3
INC100946,2025-06-10 14:57:59.523574,2025-06-10 19:57:59.523574,2025-06-10 21:57:59.523574,4 - Low,Closed,Database,3,5.0,0,1,4
INC100948,2025-09-09 08:57:59.523574,2025-11-09 01:57:59.523574,2025-11-09 06:57:59.523574,1 - Critical,Resolved,Application,7,1457.0,1,0,1
INC100953,2025-08-09 16:57:59.523574,2025-09-09 00:57:59.523574,2025-09-09 04:57:59.523574,3 - Moderate,Resolved,Application,6,728.0,1,0,3
INC100954,2025-03-10 13:57:59.523574,2025-04-10 21:57:59.523574,2025-05-10 00:57:59.523574,4 - Low,Closed,Database,8,752.0,1,0,4
INC100955,2025-12-09 01:57:59.523574,2025-12-09 04:57:59.523574,2025-12-09 09:57:59.523574,3 - Moderate,Resolved,Network,4,3.0,0,1,3
INC100957,2025-02-11 22:57:59.523574,2025-04-11 07:57:59.523574,2025-04-11 10:57:59.523574,4 - Low,Resolved,Network,5,1401.0,1,0,4
INC100958,2025-09-09 05:57:59.523574,2025-11-09 14:57:59.523574,2025-11-09 17:57:59.523574,2 - High,Resolved,Security,5,1473.0,1,0,2
INC100959,2025-11-09 19:57:59.523574,,,1 - Critical,Closed,Application,2,61.0,1,0,1
INC100961,2025-04-10 12:57:59.523574,2025-04-10 16:57:59.523574,2025-04-10 17:57:59.523574,3 - Moderate,Closed,Database,3,4.0,0,1,3
INC100962,2025-09-10 04:57:59.523574,2025-10-10 20:57:59.523574,2025-10-10 23:57:59.523574,1 - Critical,Resolved,Network,3,736.0,1,0,1
INC100964,2025-08-09 11:57:59.523574,2025-09-09 05:57:59.523574,2025-09-09 08:57:59.523574,4 - Low,Closed,Database,5,738.0,1,0,4
INC100966,2025-02-11 10:57:59.523574,2025-05-11 10:57:59.523574,2025-05-11 15:57:59.523574,2 - High,Resolved,Database,8,2136.0,1,0,2
INC100971,2025-12-09 01:57:59.523574,,,2 - High,Closed,Database,3,25.0,1,0,2
INC100975,2025-05-09 03:57:59.523574,2025-07-09 16:57:59.523574,2025-07-09 19:57:59.523574,3 - Moderate,Resolved,Network,5,1477.0,1,0,3
INC100977,2025-01-10 19:57:59.523574,2025-03-10 15:57:59.523574,2025-03-10 19:57:59.523574,2 - High,Resolved,Database,6,1412.0,1,0,2
INC100980,2025-07-10 05:57:59.523574,2025-08-10 22:57:59.523574,2025-09-10 02:57:59.523574,3 - Moderate,Closed,,1,761.0,1,0,3
INC100984,2025-12-10 08:57:59.523574,,,1 - Critical,Resolved,Database,9,27.0,1,0,1
INC100987,2025-10-10 16:57:59.523574,2025-11-10 06:57:59.523574,2025-11-10 09:57:59.523574,4 - Low,Resolved,Database,2,734.0,1,0,4
INC100988,2025-10-09 12:57:59.523574,,,4 - Low,Resolved,Application,6,62.0,1,0,4
INC100994,2025-02-10 20:57:59.523574,2025-04-10 22:57:59.523574,2025-05-10 02:57:59.523574,2 - High,Closed,Application,2,1418.0,1,0,2
INC100995,2025-12-09 23:57:59.523574,,,4 - Low,Resolved,Security,1,24.0,0,0,4
INC100996,2025-04-10 13:57:59.523574,2025-05-10 18:57:59.523574,2025-05-10 20:57:59.523574,3 - Moderate,Resolved,Security,5,725.0,1,0,3
INC100997,2025-07-10 08:57:59.523574,2025-09-10 22:57:59.523574,2025-10-10 01:57:59.523574,4 - Low,Resolved,,5,1502.0,1,0,4
INC100999,2025-01-10 21:57:59.523574,2025-04-10 02:57:59.523574,2025-04-10 03:57:59.523574,1 - Critical,Closed,Security,6,2141.0,1,0,1
INC101001,2025-10-09 22:57:59.523574,2025-11-09 04:57:59.523574,2025-11-09 05:57:59.523574,2 - High,Closed,Security,6,726.0,1,0,2
INC101006,2025-03-11 04:57:59.523574,2025-03-11 19:57:59.523574,2025-03-11 20:57:59.523574,2 - High,Resolved,Database,4,15.0,0,0,2
INC101009,2025-02-10 19:57:59.523574,2025-02-10 22:57:59.523574,2025-03-10 02:57:59.523574,4 - Low,Resolved,Database,5,3.0,0,1,4
INC101012,2025-06-10 16:57:59.523574,2025-08-10 09:57:59.523574,2025-08-10 14:57:59.523574,1 - Critical,Closed,Network,7,1457.0,1,0,1
INC101016,2025-07-10 13:57:59.523574,2025-09-10 12:57:59.523574,2025-09-10 16:57:59.523574,4 - Low,Resolved,Database,5,1487.0,1,0,4
INC101019,2025-01-11 23:57:59.523574,2025-03-11 09:57:59.523574,2025-03-11 12:57:59.523574,1 - Critical,Resolved,Database,9,1402.0,1,0,1
INC101021,2025-03-10 02:57:59.523574,2025-04-10 22:57:59.523574,2025-05-10 01:57:59.523574,2 - High,Closed,Network,3,764.0,1,0,2
INC101023,2025-11-09 17:57:59.523574,2025-11-09 23:57:59.523574,2025-12-09 04:57:59.523574,1 - Critical,Resolved,Network,2,6.0,0,1,1
INC101024,2025-05-09 23:57:59.523574,2025-06-09 20:57:59.523574,2025-06-09 23:57:59.523574,2 - High,Closed,Security,2,741.0,1,0,2
INC101029,2025-04-09 10:57:59.523574,2025-06-09 19:57:59.523574,2025-06-09 21:57:59.523574,3 - Moderate,Resolved,Network,2,1473.0,1,0,3
INC101031,2025-06-09 16:57:59.523574,2025-07-09 00:57:59.523574,2025-07-09 05:57:59.523574,2 - High,Closed,Application,7,704.0,1,0,2
INC101034,2025-08-09 01:57:59.523574,2025-08-09 12:57:59.523574,2025-08-09 13:57:59.523574,2 - High,Closed,Application,3,11.0,0,1,2
INC101036,2025-01-11 17:57:59.523574,2025-03-11 03:57:59.523574,2025-03-11 05:57:59.523574,1 - Critical,Closed,Application,9,1402.0,1,0,1
INC101038,2025-06-10 01:57:59.523574,2025-06-10 02:57:59.523574,2025-06-10 06:57:59.523574,1 - Critical,Resolved,Application,10,1.0,0,1,1
INC101039,2025-12-10 01:57:59.523574,,,2 - High,Closed,Database,9,37.0,1,0,2
INC101042,2025-08-09 06:57:59.523574,2025-10-09 19:57:59.523574,2025-10-09 21:57:59.523574,4 - Low,Resolved,Security,6,1477.0,1,0,4
INC101051,2025-07-10 19:57:59.523574,2025-09-10 11:57:59.523574,2025-09-10 16:57:59.523574,1 - Critical,Closed,Security,7,1480.0,1,0,1
INC101052,2025-10-09 11:57:59.523574,2025-11-09 04:57:59.523574,2025-11-09 06:57:59.523574,4 - Low,Closed,Security,8,737.0,1,0,4
INC101053,2025-08-09 11:57:59.523574,2025-10-09 05:57:59.523574,2025-10-09 06:57:59.523574,2 - High,Closed,Security,4,1458.0,1,0,2
INC101054,2025-12-10 17:57:59.523574,2025-12-10 23:57:59.523574,,4 - Low,Resolved, Application  ,3,6.0,0,1,4
INC101057,2025-02-11 02:57:59.523574,2025-03-11 05:57:59.523574,2025-03-11 07:57:59.523574,2 - High,Resolved,Security,9,675.0,1,0,2
INC101058,2025-08-10 16:57:59.523574,2025-08-10 22:57:59.523574,2025-09-10 02:57:59.523574,,Closed,Network,7,6.0,0,1,
INC101059,2025-08-10 10:57:59.523574,2025-11-10 06:57:59.523574,2025-11-10 09:57:59.523574,2 - High,Closed,Security,2,2204.0,1,0,2
INC101063,2025-07-09 00:57:59.523574,2025-08-09 10:57:59.523574,2025-08-09 14:57:59.523574,4 - Low,Resolved,Network,4,754.0,1,0,4
INC101069,2025-11-09 20:57:59.523574,,,1 - Critical,Resolved,Network,8,38.0,1,0,1
INC101074,2025-04-10 15:57:59.523574,2025-06-10 10:57:59.523574,2025-06-10 11:57:59.523574,2 - High,Resolved,Database,10,1459.0,1,0,2
INC101075,2025-03-11 10:57:59.523574,2025-04-11 09:57:59.523574,2025-04-11 13:57:59.523574,4 - Low,Closed,Security,9,743.0,1,0,4
INC101077,2025-11-09 22:57:59.523574,,,3 - Moderate,Resolved,Database,2,46.0,1,0,3
INC101078,2025-11-10 04:57:59.523574,,,4 - Low,Resolved,Database,5,57.0,1,0,4
INC101092,2025-10-10 00:57:59.523574,2025-10-10 09:57:59.523574,2025-10-10 11:57:59.523574,1 - Critical,Closed,Network,1,9.0,0,1,1
INC101095,2025-04-10 22:57:59.523574,2025-07-10 10:57:59.523574,2025-07-10 14:57:59.523574,1 - Critical,Closed, Network  ,1,2172.0,1,0,1
INC101096,2025-01-10 00:57:59.523574,2025-02-10 01:57:59.523574,2025-02-10 02:57:59.523574,4 - Low,Resolved,Network,10,745.0,1,0,4
INC101106,2025-12-09 11:57:59.523574,,,3 - Moderate,Resolved,Security,1,49.0,1,0,3
INC101107,2025-03-11 08:57:59.523574,2025-05-11 06:57:59.523574,2025-05-11 07:57:59.523574,3 - Moderate,Resolved,Network,5,1462.0,1,0,3
INC101110,2025-02-11 05:57:59.523574,2025-03-11 15:57:59.523574,2025-03-11 16:57:59.523574,2 - High,Resolved,Network,7,682.0,1,0,2
INC101112,2025-03-09 18:57:59.523574,2025-06-09 02:57:59.523574,2025-06-09 03:57:59.523574,2 - High,Resolved,Network,3,2192.0,1,0,2
INC101119,2025-09-10 04:57:59.523574,2025-10-10 20:57:59.523574,2025-11-10 00:57:59.523574,2 - High,Resolved,Security,6,736.0,1,0,2
INC101122,2025-06-10 21:57:59.523574,2025-08-10 21:57:59.523574,2025-09-10 01:57:59.523574,4 - Low,Closed,Application,7,1464.0,1,0,4
INC101124,2025-10-09 18:57:59.523574,,,3 - Moderate,Closed,Network,4,66.0,1,0,3
INC101128,2025-08-09 22:57:59.523574,2025-10-09 04:57:59.523574,2025-10-09 06:57:59.523574,2 - High,Closed,Database,4,1446.0,1,0,2
INC101132,2025-06-10 13:57:59.523574,2025-08-10 17:57:59.523574,2025-08-10 22:57:59.523574,4 - Low,Closed,Application,10,1468.0,1,0,4
INC101134,2025-03-09 22:57:59.523574,2025-04-09 07:57:59.523574,2025-04-09 12:57:59.523574,2 - High,Resolved,Security,8,729.0,1,0,2
INC101135,2025-12-10 16:57:59.523574,,,1 - Critical,Resolved,Network,2,58.0,1,0,1
INC101138,2025-01-10 10:57:59.523574,2025-02-10 08:57:59.523574,2025-02-10 11:57:59.523574,3 - Moderate,Closed,Security,3,742.0,1,0,3
INC101140,2025-09-09 04:57:59.523574,2025-10-09 20:57:59.523574,2025-11-09 00:57:59.523574,2 - High,Resolved,Security,10,736.0,1,0,2
INC101142,2025-06-10 08:57:59.523574,2025-08-10 12:57:59.523574,2025-08-10 17:57:59.523574,2 - High,Closed,Database,10,1468.0,1,0,2
INC101143,2025-04-10 20:57:59.523574,2025-05-10 02:57:59.523574,2025-05-10 03:57:59.523574,4 - Low,Closed,Application,6,702.0,1,0,4
INC101144,2025-08-10 15:57:59.523574,2025-09-10 14:57:59.523574,2025-09-10 18:57:59.523574,3 - Moderate,Resolved,Database,10,743.0,1,0,3
INC101145,2025-04-10 22:57:59.523574,2025-05-10 22:57:59.523574,2025-06-10 03:57:59.523574,4 - Low,Closed,Network,1,720.0,1,0,4
INC101146,2025-08-09 05:57:59.523574,2025-09-09 17:57:59.523574,2025-09-09 22:57:59.523574,2 - High,Resolved,Application,4,756.0,1,0,2
INC101147,2025-07-10 17:57:59.523574,2025-08-10 09:57:59.523574,2025-08-10 12:57:59.523574,4 - Low,Resolved,Network,9,736.0,1,0,4
INC101148,2025-07-10 20:57:59.523574,2025-08-10 18:57:59.523574,2025-08-10 21:57:59.523574,3 - Moderate,Resolved,Database,8,742.0,1,0,3
INC101150,2025-01-11 10:57:59.523574,2025-02-11 19:57:59.523574,2025-02-11 20:57:59.523574,4 - Low,Closed,Database,8,753.0,1,0,4
INC101151,2025-05-10 08:57:59.523574,2025-05-10 19:57:59.523574,2025-06-10 00:57:59.523574,4 - Low,Closed,Database,3,11.0,0,1,4
INC101152,2025-12-09 02:57:59.523574,2025-12-09 23:57:59.523574,,4 - Low,Resolved,Network,3,21.0,0,0,4
INC101154,2025-05-10 23:57:59.523574,2025-06-10 22:57:59.523574,2025-07-10 00:57:59.523574,2 - High,Resolved,Network,8,743.0,1,0,2
INC101155,2025-10-09 14:57:59.523574,,,1 - Critical,Closed,Security,8,67.0,1,0,1
INC101159,2025-07-10 18:57:59.523574,2025-08-10 08:57:59.523574,2025-08-10 11:57:59.523574,1 - Critical,Resolved,Application,10,734.0,1,0,1
INC101160,2025-04-09 17:57:59.523574,2025-06-09 20:57:59.523574,2025-07-09 00:57:59.523574,2 - High,Resolved,Network,4,1467.0,1,0,2
INC101161,2025-12-10 00:57:59.523574,2025-12-10 23:57:59.523574,,1 - Critical,Closed,Security,1,23.0,0,0,1
INC101163,2025-08-09 04:57:59.523574,2025-10-09 09:57:59.523574,2025-10-09 12:57:59.523574,1 - Critical,Resolved,Security,9,1469.0,1,0,1
INC101165,2025-09-09 13:57:59.523574,2025-12-09 03:57:59.523574,2025-12-09 04:57:59.523574,3 - Moderate,Resolved,Application,10,2174.0,1,0,3
INC101166,2025-09-10 18:57:59.523574,2025-11-10 00:57:59.523574,2025-11-10 05:57:59.523574,4 - Low,Resolved,Network,1,1446.0,1,0,4
INC101168,2025-03-10 01:57:59.523574,2025-04-10 03:57:59.523574,2025-04-10 05:57:59.523574,3 - Moderate,Resolved,Security,1,746.0,1,0,3
INC101169,2025-04-09 11:57:59.523574,2025-06-09 20:57:59.523574,2025-06-09 23:57:59.523574,2 - High,Closed,Database,6,1473.0,1,0,2
INC101181,2025-02-11 18:57:59.523574,2025-04-11 18:57:59.523574,2025-04-11 22:57:59.523574,1 - Critical,Closed,Security,7,1416.0,1,0,1
INC101182,2025-09-10 19:57:59.523574,2025-11-10 11:57:59.523574,2025-11-10 16:57:59.523574,3 - Moderate,Closed,Network,1,1456.0,1,0,3
INC101183,2025-09-10 16:57:59.523574,2025-10-10 13:57:59.523574,2025-10-10 15:57:59.523574,1 - Critical,Closed,Security,6,717.0,1,0,1
INC101185,2025-04-10 09:57:59.523574,2025-06-10 08:57:59.523574,2025-06-10 09:57:59.523574,2 - High,Closed,Database,10,1463.0,1,0,2
INC101186,2025-03-09 13:57:59.523574,2025-04-09 08:57:59.523574,2025-04-09 11:57:59.523574,4 - Low,Resolved,Database,1,739.0,1,0,4
INC101188,2025-10-09 21:57:59.523574,2025-12-09 06:57:59.523574,2025-12-09 09:57:59.523574,2 - High,Closed,Security,7,1449.0,1,0,2
INC101190,2025-03-11 05:57:59.523574,2025-05-11 20:57:59.523574,2025-05-11 21:57:59.523574,3 - Moderate,Resolved,Network,7,1479.0,1,0,3
INC101199,2025-03-09 23:57:59.523574,2025-06-09 03:57:59.523574,2025-06-09 07:57:59.523574,2 - High,Closed,Network,6,2188.0,1,0,2
INC101200,2025-02-11 20:57:59.523574,2025-05-11 00:57:59.523574,2025-05-11 02:57:59.523574,1 - Critical,Resolved,Network,9,2116.0,1,0,1
INC101201,2025-03-09 12:57:59.523574,2025-04-09 20:57:59.523574,2025-04-09 23:57:59.523574,3 - Moderate,Closed,Security,9,752.0,1,0,3
INC101204,2025-11-10 21:57:59.523574,,,1 - Critical,Closed,Security,10,61.0,1,0,1
INC101208,2025-06-10 12:57:59.523574,2025-06-10 16:57:59.523574,2025-06-10 18:57:59.523574,1 - Critical,Closed,Application,5,4.0,0,1,1
INC101210,2025-09-09 03:57:59.523574,2025-09-09 12:57:59.523574,2025-09-09 15:57:59.523574,3 - Moderate,Closed,Security,9,9.0,0,1,3
INC101223,2025-05-10 12:57:59.523574,2025-08-10 02:57:59.523574,2025-08-10 05:57:59.523574,2 - High,Resolved,Database,4,2198.0,1,0,2
INC101227,2025-01-11 07:57:59.523574,2025-02-11 14:57:59.523574,2025-02-11 18:57:59.523574,2 - High,Closed,Security,10,751.0,1,0,2
INC101229,2025-11-10 10:57:59.523574,2025-12-10 02:57:59.523574,2025-12-10 03:57:59.523574,4 - Low,Resolved,Network,8,712.0,1,0,4
INC101230,2025-01-11 16:57:59.523574,2025-04-11 06:57:59.523574,2025-04-11 09:57:59.523574,2 - High,Resolved,Network,7,2150.0,1,0,2
INC101234,2025-02-11 17:57:59.523574,2025-05-11 03:57:59.523574,2025-05-11 06:57:59.523574,2 - High,Resolved,Network,3,2122.0,1,0,2
INC101236,2025-02-10 01:57:59.523574,2025-04-10 00:57:59.523574,2025-04-10 05:57:59.523574,1 - Critical,Closed,Database,1,1415.0,1,0,1
INC101239,2025-01-11 04:57:59.523574,2025-01-11 23:57:59.523574,2025-02-11 02:57:59.523574,2 - High,Resolved,Database,10,19.0,0,0,2
INC101242,2025-03-09 12:57:59.523574,2025-04-09 07:57:59.523574,2025-04-09 12:57:59.523574,4 - Low,Resolved,Database,5,739.0,1,0,4
INC101246,2025-06-09 00:57:59.523574,2025-07-09 11:57:59.523574,2025-07-09 13:57:59.523574,3 - Moderate,Closed,Database,1,731.0,1,0,3
INC101247,2025-10-10 03:57:59.523574,2025-12-10 04:57:59.523574,2025-12-10 05:57:59.523574,1 - Critical,Resolved,Network,9,1465.0,1,0,1
INC101250,2025-12-09 11:57:59.523574,,,3 - Moderate,Closed,Security,10,69.0,1,0,3
INC101253,2025-11-10 20:57:59.523574,,,4 - Low,Closed,Application,9,65.0,1,0,4
INC101257,2025-09-10 10:57:59.523574,2025-10-10 11:57:59.523574,2025-10-10 12:57:59.523574,1 - Critical,Closed,Security,4,721.0,1,0,1
INC101259,2025-11-09 06:57:59.523574,,,3 - Moderate,Closed,Network,8,66.0,1,0,3
INC101261,2025-04-10 01:57:59.523574,2025-05-10 11:57:59.523574,2025-05-10 13:57:59.523574,3 - Moderate,Closed,Network,4,730.0,1,0,3
INC101262,2025-04-09 14:57:59.523574,2025-07-09 08:57:59.523574,2025-07-09 09:57:59.523574,3 - Moderate,Closed,Security,1,2178.0,1,0,3
INC101263,2025-02-11 15:57:59.523574,2025-05-11 02:57:59.523574,2025-05-11 05:57:59.523574,3 - Moderate,Closed,Application,2,2123.0,1,0,3
INC101264,2025-11-10 11:57:59.523574,2025-12-10 11:57:59.523574,2025-12-10 15:57:59.523574,1 - Critical,Resolved,Application,2,720.0,1,0,1
INC101265,2025-03-10 04:57:59.523574,2025-03-10 15:57:59.523574,2025-03-10 20:57:59.523574,4 - Low,Closed,Database,2,11.0,0,1,4
INC101266,2025-03-11 06:57:59.523574,2025-04-11 15:57:59.523574,2025-04-11 17:57:59.523574,4 - Low,Closed,Security,6,753.0,1,0,4
INC101267,2025-10-10 21:57:59.523574,2025-11-10 21:57:59.523574,2025-12-10 02:57:59.523574,3 - Moderate,Resolved,Application,8,744.0,1,0,3
INC101278,2025-07-10 10:57:59.523574,2025-08-10 12:57:59.523574,2025-08-10 13:57:59.523574,2 - High,Closed,Network,7,746.0,1,0,2
INC101280,2025-01-10 21:57:59.523574,2025-02-10 04:57:59.523574,2025-02-10 07:57:59.523574,1 - Critical,Closed,Network,6,727.0,1,0,1
INC101281,2025-03-09 23:57:59.523574,2025-06-09 05:57:59.523574,2025-06-09 07:57:59.523574,3 - Moderate,Resolved,Application,3,2190.0,1,0,3
INC101282,2025-03-11 09:57:59.523574,2025-05-11 03:57:59.523574,2025-05-11 05:57:59.523574,1 - Critical,Closed,Application,5,1458.0,1,0,1
INC101283,2025-07-10 05:57:59.523574,2025-08-10 14:57:59.523574,2025-08-10 18:57:59.523574,1 - Critical,Closed,Application,5,753.0,1,0,1
INC101290,2025-05-09 21:57:59.523574,2025-06-09 06:57:59.523574,2025-06-09 10:57:59.523574,1 - Critical,Resolved,Security,3,729.0,1,0,1
INC101297,2025-09-09 09:57:59.523574,2025-10-09 17:57:59.523574,2025-10-09 19:57:59.523574,3 - Moderate,Resolved,Network,6,728.0,1,0,3
INC101300,2025-01-11 17:57:59.523574,2025-02-11 07:57:59.523574,2025-02-11 11:57:59.523574,3 - Moderate,Resolved,Application,8,734.0,1,0,3
INC101304,2025-02-11 01:57:59.523574,2025-02-11 22:57:59.523574,2025-03-11 00:57:59.523574,3 - Moderate,Resolved,Security,2,21.0,0,0,3
INC101308,2025-03-09 14:57:59.523574,2025-03-09 16:57:59.523574,2025-03-09 17:57:59.523574,2 - High,Closed,Network,2,2.0,0,1,2
INC101312,2025-02-11 03:57:59.523574,2025-04-11 10:57:59.523574,2025-04-11 14:57:59.523574,2 - High,Closed,Database,5,1423.0,1,0,2
INC101313,2025-05-09 13:57:59.523574,2025-07-09 15:57:59.523574,2025-07-09 16:57:59.523574,2 - High,Resolved,Security,2,1466.0,1,0,2
INC101315,2025-07-09 09:57:59.523574,2025-08-09 05:57:59.523574,2025-08-09 07:57:59.523574,1 - Critical,Closed,Security,10,740.0,1,0,1
INC101317,2025-05-09 19:57:59.523574,2025-07-09 19:57:59.523574,2025-07-09 22:57:59.523574,3 - Moderate,Resolved,Network,3,1464.0,1,0,3
INC101320,2025-12-10 00:57:59.523574,,,4 - Low,Closed,Security,10,64.0,1,0,4
INC101328,2025-02-11 06:57:59.523574,2025-04-11 05:57:59.523574,2025-04-11 07:57:59.523574,2 - High,Resolved,Network,2,1415.0,1,0,2
INC101330,2025-03-10 21:57:59.523574,2025-05-10 17:57:59.523574,2025-05-10 21:57:59.523574,3 - Moderate,Closed,Network,2,1460.0,1,0,3
INC101332,2025-10-09 21:57:59.523574,,,4 - Low,Closed,Application,4,59.0,1,0,4
INC101333,2025-05-09 05:57:59.523574,2025-06-09 16:57:59.523574,2025-06-09 17:57:59.523574,4 - Low,Resolved,Security,4,755.0,1,0,4
INC101337,2025-02-11 03:57:59.523574,2025-03-11 16:57:59.523574,2025-03-11 18:57:59.523574,3 - Moderate,Resolved,Network,4,685.0,1,0,3
INC101342,2025-02-10 06:57:59.523574,2025-02-10 10:57:59.523574,2025-02-10 15:57:59.523574,1 - Critical,Closed,Security,10,4.0,0,1,1
INC101344,2025-12-09 13:57:59.523574,,,2 - High,Closed,Application,3,19.0,0,0,2
INC101347,2025-03-10 07:57:59.523574,2025-05-10 18:57:59.523574,2025-05-10 21:57:59.523574,1 - Critical,Closed,Database,3,1475.0,1,0,1
INC101351,2025-01-10 15:57:59.523574,2025-03-10 08:57:59.523574,2025-03-10 11:57:59.523574,3 - Moderate,Closed,Network,9,1409.0,1,0,3
INC101354,2025-09-10 20:57:59.523574,2025-10-10 08:57:59.523574,2025-10-10 11:57:59.523574,2 - High,Closed,Security,9,708.0,1,0,2
INC101359,2025-04-10 04:57:59.523574,2025-04-10 11:57:59.523574,2025-04-10 13:57:59.523574,4 - Low,Closed,Network,5,7.0,0,1,4
INC101363,2025-03-10 19:57:59.523574,2025-06-10 16:57:59.523574,2025-06-10 18:57:59.523574,4 - Low,Closed,Security,10,2205.0,1,0,4
INC101364,2025-12-09 10:57:59.523574,,,4 - Low,Resolved,Database,10,72.0,1,0,4
INC101366,2025-09-09 00:57:59.523574,2025-09-09 15:57:59.523574,2025-09-09 19:57:59.523574,4 - Low,Resolved,Application,8,15.0,0,0,4
INC101369,2025-10-10 23:57:59.523574,2025-11-10 02:57:59.523574,2025-11-10 05:57:59.523574,1 - Critical,Resolved,Application,8,723.0,1,0,1
INC101370,2025-07-10 21:57:59.523574,2025-09-10 19:57:59.523574,2025-09-10 22:57:59.523574,4 - Low,Closed,Security,2,1486.0,1,0,4
INC101371,2025-04-10 21:57:59.523574,2025-06-10 21:57:59.523574,2025-06-10 23:57:59.523574,2 - High,Closed,Database,7,1464.0,1,0,2
INC101372,2025-09-09 13:57:59.523574,2025-11-09 21:57:59.523574,2025-12-09 00:57:59.523574,3 - Moderate,Resolved,Network,2,1472.0,1,0,3
INC101376,2025-02-11 23:57:59.523574,2025-04-11 04:57:59.523574,2025-04-11 09:57:59.523574,4 - Low,Closed,Application,5,1397.0,1,0,4
INC101377,2025-10-09 21:57:59.523574,2025-12-09 04:57:59.523574,2025-12-09 05:57:59.523574,3 - Moderate,Resolved,Security,1,1447.0,1,0,3
INC101381,2025-07-10 03:57:59.523574,2025-07-10 16:57:59.523574,2025-07-10 18:57:59.523574,2 - High,Closed,Network,5,13.0,0,0,2
INC101382,2025-04-09 00:57:59.523574,2025-05-09 03:57:59.523574,2025-05-09 04:57:59.523574,2 - High,Resolved,Network,7,723.0,1,0,2
INC101384,2025-04-10 14:57:59.523574,2025-06-10 12:57:59.523574,2025-06-10 14:57:59.523574,2 - High,Resolved,Database,5,1462.0,1,0,2
INC101388,2025-09-10 07:57:59.523574,2025-11-10 22:57:59.523574,2025-11-10 23:57:59.523574,2 - High,Resolved,Security,8,1479.0,1,0,2
INC101391,2025-03-10 15:57:59.523574,2025-06-10 13:57:59.523574,2025-06-10 14:57:59.523574,3 - Moderate,Closed,Database,2,2206.0,1,0,3
INC101393,2025-07-09 04:57:59.523574,2025-07-09 08:57:59.523574,2025-07-09 11:57:59.523574,1 - Critical,Resolved, Database  ,2,4.0,0,1,1
INC101395,2025-04-10 11:57:59.523574,2025-07-10 03:57:59.523574,2025-07-10 07:57:59.523574,3 - Moderate,Resolved,Security,5,2176.0,1,0,3
INC101400,2025-09-10 10:57:59.523574,2025-10-10 01:57:59.523574,2025-10-10 03:57:59.523574,3 - Moderate,Closed,Application,3,711.0,1,0,3
INC101402,2025-03-11 00:57:59.523574,2025-03-11 02:57:59.523574,2025-03-11 05:57:59.523574,1 - Critical,Closed,Database,10,2.0,0,1,1
INC101403,2025-07-09 03:57:59.523574,2025-10-09 03:57:59.523574,2025-10-09 04:57:59.523574,3 - Moderate,Closed,Security,10,2207.0,1,0,3
INC101404,2025-01-10 04:57:59.523574,2025-01-10 18:57:59.523574,2025-01-10 23:57:59.523574,2 - High,Resolved,Application,10,14.0,0,0,2
INC101406,2025-03-10 09:57:59.523574,2025-04-10 21:57:59.523574,2025-05-10 01:57:59.523574,4 - Low,Resolved,Network,8,756.0,1,0,4
INC101408,2025-05-09 20:57:59.523574,2025-07-09 09:57:59.523574,2025-07-09 11:57:59.523574,1 - Critical,Resolved,Security,9,1453.0,1,0,1
INC101409,2025-12-10 14:57:59.523574,2025-12-10 17:57:59.523574,2025-12-10 18:57:59.523574,1 - Critical,Resolved,Security,7,3.0,0,1,1
INC101411,2025-09-10 01:57:59.523574,2025-11-10 12:57:59.523574,2025-11-10 16:57:59.523574,1 - Critical,Closed,Network,10,1475.0,1,0,1
INC101412,2025-02-11 03:57:59.523574,2025-02-11 10:57:59.523574,2025-02-11 11:57:59.523574,1 - Critical,Resolved,Database,6,7.0,0,1,1
INC101414,2025-08-09 09:57:59.523574,2025-09-09 00:57:59.523574,2025-09-09 01:57:59.523574,3 - Moderate,Resolved,Application,5,735.0,1,0,3
INC101419,2025-03-10 09:57:59.523574,2025-04-10 13:57:59.523574,2025-04-10 14:57:59.523574,1 - Critical,Closed,Database,7,748.0,1,0,1
INC101420,2025-03-10 07:57:59.523574,2025-05-10 03:57:59.523574,2025-05-10 05:57:59.523574,2 - High,Closed,Application,8,1460.0,1,0,2
INC101421,2025-09-09 18:57:59.523574,2025-10-09 08:57:59.523574,2025-10-09 10:57:59.523574,2 - High,Closed,Database,7,710.0,1,0,2
INC101422,2025-08-09 15:57:59.523574,2025-11-09 09:57:59.523574,2025-11-09 11:57:59.523574,4 - Low,Resolved,Security,2,2202.0,1,0,4
INC101423,2025-07-10 05:57:59.523574,2025-08-10 21:57:59.523574,2025-09-10 02:57:59.523574,3 - Moderate,Resolved,Network,8,760.0,1,0,3
INC101425,2025-03-10 13:57:59.523574,2025-06-10 09:57:59.523574,2025-06-10 13:57:59.523574,1 - Critical,Closed,Application,2,2204.0,1,0,1
INC101426,2025-11-10 21:57:59.523574,,,1 - Critical,Closed,Security,9,28.0,1,0,1
INC101431,2025-07-09 15:57:59.523574,2025-09-09 19:57:59.523574,2025-09-09 23:57:59.523574,2 - High,Resolved,Security,4,1492.0,1,0,2
INC101432,2025-03-10 04:57:59.523574,2025-04-10 02:57:59.523574,2025-04-10 04:57:59.523574,3 - Moderate,Closed,Application,10,742.0,1,0,3
INC101435,2025-02-11 13:57:59.523574,2025-05-11 02:57:59.523574,2025-05-11 06:57:59.523574,2 - High,Resolved, Application  ,3,2125.0,1,0,2
INC101436,2025-08-09 08:57:59.523574,2025-09-09 06:57:59.523574,2025-09-09 07:57:59.523574,3 - Moderate,Closed,Application,10,742.0,1,0,3
INC101437,2025-03-10 03:57:59.523574,2025-05-10 16:57:59.523574,2025-05-10 17:57:59.523574,1 - Critical,Resolved,Network,10,1477.0,1,0,1
INC101438,2025-11-09 03:57:59.523574,,,3 - Moderate,Resolved,Database,2,68.0,1,0,3
INC101445,2025-08-09 00:57:59.523574,2025-10-09 03:57:59.523574,2025-10-09 08:57:59.523574,3 - Moderate,Closed,Security,5,1467.0,1,0,3
INC101449,2025-02-11 20:57:59.523574,2025-03-11 02:57:59.523574,2025-03-11 04:57:59.523574,3 - Moderate,Resolved,Application,1,654.0,1,0,3
INC101451,2025-12-10 01:57:59.523574,,,2 - High,Resolved,Database,5,65.0,1,0,2
INC101453,2025-03-10 23:57:59.523574,2025-05-10 07:57:59.523574,2025-05-10 11:57:59.523574,1 - Critical,Closed, Security  ,2,1448.0,1,0,1
INC101454,2025-06-09 01:57:59.523574,2025-07-09 17:57:59.523574,2025-07-09 19:57:59.523574,3 - Moderate,Closed,Security,10,736.0,1,0,3
INC101458,2025-04-10 21:57:59.523574,2025-07-10 02:57:59.523574,2025-07-10 06:57:59.523574,4 - Low,Resolved,Network,7,2165.0,1,0,4
INC101461,2025-11-09 09:57:59.523574,2025-11-09 20:57:59.523574,2025-11-09 21:57:59.523574,4 - Low,Resolved,Application,6,11.0,0,1,4
INC101462,2025-12-09 01:57:59.523574,,,1 - Critical,Resolved,Network,10,62.0,1,0,1
INC101465,2025-03-11 06:57:59.523574,2025-03-11 22:57:59.523574,2025-04-11 03:57:59.523574,1 - Critical,Resolved,Network,4,16.0,0,0,1
INC101466,2025-04-10 10:57:59.523574,2025-07-10 03:57:59.523574,2025-07-10 07:57:59.523574,1 - Critical,Resolved,Security,2,2177.0,1,0,1
INC101467,2025-08-10 19:57:59.523574,2025-09-10 19:57:59.523574,2025-09-10 21:57:59.523574,3 - Moderate,Closed,Application,10,744.0,1,0,3
INC101468,2025-07-10 06:57:59.523574,2025-07-10 09:57:59.523574,2025-07-10 11:57:59.523574,,Resolved,Database,3,3.0,0,1,
INC101469,2025-03-10 19:57:59.523574,2025-05-10 09:57:59.523574,2025-05-10 12:57:59.523574,2 - High,Closed,Network,6,1454.0,1,0,2
INC101470,2025-08-10 22:57:59.523574,2025-09-10 12:57:59.523574,2025-09-10 16:57:59.523574,3 - Moderate,Closed,Security,3,734.0,1,0,3
INC101474,2025-02-10 08:57:59.523574,2025-03-10 07:57:59.523574,2025-03-10 09:57:59.523574,4 - Low,Closed,Application,8,671.0,1,0,4
INC101482,2025-02-10 20:57:59.523574,2025-04-10 09:57:59.523574,2025-04-10 11:57:59.523574,3 - Moderate,Resolved,Database,7,1405.0,1,0,3
INC101484,2025-10-10 21:57:59.523574,,,1 - Critical,Resolved,Application,9,70.0,1,0,1
INC101490,2025-09-09 18:57:59.523574,2025-12-09 11:57:59.523574,2025-12-09 14:57:59.523574,2 - High,Resolved,Security,9,2177.0,1,0,2
INC101493,2025-03-10 08:57:59.523574,2025-03-10 13:57:59.523574,2025-03-10 16:57:59.523574,2 - High,Closed,Network,10,5.0,0,1,2
INC101494,2025-07-09 17:57:59.523574,2025-10-09 07:57:59.523574,2025-10-09 09:57:59.523574,1 - Critical,Resolved,Application,2,2198.0,1,0,1
INC101495,2025-02-10 18:57:59.523574,2025-03-10 23:57:59.523574,2025-04-10 02:57:59.523574,1 - Critical,Closed,Security,5,677.0,1,0,1
INC101496,2025-02-11 09:57:59.523574,2025-02-11 13:57:59.523574,2025-02-11 15:57:59.523574,2 - High,Resolved,Security,9,4.0,0,1,2
INC101499,2025-07-10 09:57:59.523574,2025-08-10 16:57:59.523574,2025-08-10 18:57:59.523574,3 - Moderate,Resolved,Network,4,751.0,1,0,3
INC101503,2025-03-09 17:57:59.523574,2025-04-09 20:57:59.523574,2025-05-09 00:57:59.523574,3 - Moderate,Resolved,Application,8,747.0,1,0,3
INC101504,2025-03-09 23:57:59.523574,2025-06-09 22:57:59.523574,2025-07-09 01:57:59.523574,3 - Moderate,Closed,Database,6,2207.0,1,0,3
INC101506,2025-06-09 06:57:59.523574,2025-09-09 01:57:59.523574,2025-09-09 03:57:59.523574,2 - High,Resolved,Application,2,2203.0,1,0,2
INC101508,2025-03-10 09:57:59.523574,2025-04-10 20:57:59.523574,2025-04-10 23:57:59.523574,1 - Critical,Closed,Security,2,755.0,1,0,1
INC101510,2025-01-11 03:57:59.523574,2025-02-11 06:57:59.523574,2025-02-11 10:57:59.523574,4 - Low,Closed,Database,9,747.0,1,0,4
INC101512,2025-05-09 02:57:59.523574,2025-06-09 06:57:59.523574,2025-06-09 07:57:59.523574,3 - Moderate,Closed,Application,7,748.0,1,0,3
INC101516,2025-11-10 02:57:59.523574,2025-12-10 11:57:59.523574,2025-12-10 16:57:59.523574,3 - Moderate,Resolved,Network,5,729.0,1,0,3
INC101517,2025-11-09 02:57:59.523574,2025-12-09 01:57:59.523574,2025-12-09 05:57:59.523574,3 - Moderate,Resolved,Security,8,719.0,1,0,3
INC101518,2025-05-10 09:57:59.523574,2025-07-10 07:57:59.523574,2025-07-10 11:57:59.523574,1 - Critical,Closed,Database,1,1462.0,1,0,1
INC101521,2025-08-09 15:57:59.523574,2025-08-09 22:57:59.523574,2025-09-09 00:57:59.523574,2 - High,Resolved,Network,3,7.0,0,1,2
INC101523,2025-01-11 13:57:59.523574,2025-03-11 11:57:59.523574,2025-03-11 16:57:59.523574,3 - Moderate,Resolved,Network,6,1414.0,1,0,3
INC101532,2025-12-09 23:57:59.523574,,,2 - High,Resolved,Application,4,30.0,1,0,2
INC101537,2025-07-09 20:57:59.523574,2025-07-09 22:57:59.523574,2025-08-09 00:57:59.523574,2 - High,Closed,Network,5,2.0,0,1,2
INC101544,2025-04-09 07:57:59.523574,2025-05-09 13:57:59.523574,2025-05-09 16:57:59.523574,3 - Moderate,Closed,Security,1,726.0,1,0,3
INC101546,2025-06-10 18:57:59.523574,2025-08-10 06:57:59.523574,2025-08-10 11:57:59.523574,2 - High,Resolved,Application,6,1452.0,1,0,2
INC101550,2025-11-09 10:57:59.523574,,,4 - Low,Closed,Application,8,48.0,1,0,4
INC101551,2025-10-09 20:57:59.523574,2025-12-09 10:57:59.523574,2025-12-09 11:57:59.523574,2 - High,Closed,Network,7,1454.0,1,0,2
INC101556,2025-09-09 03:57:59.523574,2025-10-09 05:57:59.523574,2025-10-09 08:57:59.523574,4 - Low,Resolved,Security,8,722.0,1,0,4
INC101558,2025-02-11 21:57:59.523574,2025-03-11 06:57:59.523574,2025-03-11 10:57:59.523574,2 - High,Resolved,Database,1,657.0,1,0,2
INC101560,2025-08-09 01:57:59.523574,2025-09-09 07:57:59.523574,2025-09-09 10:57:59.523574,2 - High,Closed,Security,7,750.0,1,0,2
INC101562,2025-06-10 00:57:59.523574,2025-07-10 08:57:59.523574,2025-07-10 12:57:59.523574,4 - Low,Resolved,Network,8,728.0,1,0,4
INC101566,2025-09-10 02:57:59.523574,2025-09-10 09:57:59.523574,2025-09-10 12:57:59.523574,4 - Low,Resolved,Security,6,7.0,0,1,4
INC101569,2025-05-09 23:57:59.523574,2025-08-09 22:57:59.523574,2025-08-09 23:57:59.523574,3 - Moderate,Resolved,Network,6,2207.0,1,0,3
INC101571,2025-08-10 04:57:59.523574,2025-11-10 03:57:59.523574,2025-11-10 05:57:59.523574,3 - Moderate,Resolved,Network,1,2207.0,1,0,3
INC101572,2025-01-10 22:57:59.523574,2025-04-10 13:57:59.523574,2025-04-10 14:57:59.523574,1 - Critical,Closed,Database,5,2151.0,1,0,1
INC101575,2025-02-11 10:57:59.523574,2025-05-11 08:57:59.523574,2025-05-11 13:57:59.523574,4 - Low,Resolved,Database,10,2134.0,1,0,4
INC101577,2025-05-10 04:57:59.523574,2025-05-10 17:57:59.523574,2025-05-10 20:57:59.523574,3 - Moderate,Closed,Security,5,13.0,0,0,3
INC101579,2025-10-10 10:57:59.523574,,,2 - High,Resolved,Application,8,64.0,1,0,2
INC101586,2025-04-10 12:57:59.523574,2025-07-10 02:57:59.523574,2025-07-10 07:57:59.523574,3 - Moderate,Resolved,Network,7,2174.0,1,0,3
INC101587,2025-10-10 06:57:59.523574,2025-10-10 08:57:59.523574,2025-10-10 10:57:59.523574,1 - Critical,Resolved,Network,4,2.0,0,1,1
INC101588,2025-09-09 07:57:59.523574,2025-09-09 12:57:59.523574,2025-09-09 16:57:59.523574,4 - Low,Resolved,Security,9,5.0,0,1,4
INC101590,2025-07-10 01:57:59.523574,2025-08-10 12:57:59.523574,2025-08-10 17:57:59.523574,1 - Critical,Closed,Application,10,755.0,1,0,1
INC101597,2025-05-09 02:57:59.523574,2025-08-09 02:57:59.523574,2025-08-09 07:57:59.523574,4 - Low,Resolved,Database,10,2207.0,1,0,4
INC101600,2025-03-11 03:57:59.523574,2025-04-11 07:57:59.523574,2025-04-11 08:57:59.523574,2 - High,Resolved,Database,3,748.0,1,0,2
INC101601,2025-09-09 10:57:59.523574,2025-11-09 04:57:59.523574,2025-11-09 05:57:59.523574,4 - Low,Resolved,Network,9,1458.0,1,0,4
INC101602,2025-06-10 13:57:59.523574,2025-09-10 02:57:59.523574,2025-09-10 05:57:59.523574,4 - Low,Resolved,Application,4,2197.0,1,0,4
INC101603,2025-09-10 22:57:59.523574,2025-12-10 11:57:59.523574,2025-12-10 14:57:59.523574,4 - Low,Closed,Application,9,2173.0,1,0,4
INC101604,2025-07-09 15:57:59.523574,2025-08-09 19:57:59.523574,2025-08-09 21:57:59.523574,1 - Critical,Resolved,Application,7,748.0,1,0,1
INC101605,2025-02-10 12:57:59.523574,2025-03-10 21:57:59.523574,2025-03-10 22:57:59.523574,4 - Low,Closed,Security,3,681.0,1,0,4
INC101606,2025-08-09 23:57:59.523574,2025-11-09 11:57:59.523574,2025-11-09 14:57:59.523574,1 - Critical,Resolved,Security,10,2196.0,1,0,1
INC101607,2025-09-10 23:57:59.523574,2025-10-10 22:57:59.523574,2025-10-10 23:57:59.523574,2 - High,Closed,Database,6,719.0,1,0,2
INC101608,2025-02-11 16:57:59.523574,2025-04-11 08:57:59.523574,2025-04-11 11:57:59.523574,2 - High,Closed,Network,5,1408.0,1,0,2
INC101611,2025-03-10 05:57:59.523574,2025-05-10 18:57:59.523574,2025-05-10 23:57:59.523574,4 - Low,Resolved,Network,6,1477.0,1,0,4
INC101614,2025-12-10 13:57:59.523574,,,1 - Critical,Resolved,Application,7,41.0,1,0,1
INC101615,2025-10-09 13:57:59.523574,2025-10-09 21:57:59.523574,2025-10-09 22:57:59.523574,4 - Low,Resolved,Database,5,8.0,0,1,4
INC101621,2025-09-10 12:57:59.523574,2025-11-10 01:57:59.523574,2025-11-10 03:57:59.523574,1 - Critical,Resolved,Application,10,1453.0,1,0,1
INC101622,2025-08-10 03:57:59.523574,2025-09-10 04:57:59.523574,2025-09-10 07:57:59.523574,3 - Moderate,Resolved,Database,5,745.0,1,0,3
INC101624,2025-11-10 14:57:59.523574,,,3 - Moderate,Resolved,Database,10,67.0,1,0,3
INC101627,2025-05-10 02:57:59.523574,2025-05-10 07:57:59.523574,2025-05-10 08:57:59.523574,2 - High,Closed,Database,3,5.0,0,1,2
INC101632,2025-11-09 03:57:59.523574,2025-12-09 12:57:59.523574,2025-12-09 15:57:59.523574,4 - Low,Closed,Application,7,729.0,1,0,4
INC101633,2025-01-11 03:57:59.523574,2025-03-11 20:57:59.523574,2025-03-11 21:57:59.523574,3 - Moderate,Closed,Security,5,1433.0,1,0,3
INC101635,2025-03-09 16:57:59.523574,2025-04-09 10:57:59.523574,2025-04-09 12:57:59.523574,2 - High,Resolved,Application,2,738.0,1,0,2
INC101639,2025-02-11 19:57:59.523574,2025-03-11 16:57:59.523574,2025-03-11 19:57:59.523574,3 - Moderate,Closed,Network,9,669.0,1,0,3
INC101644,2025-06-09 08:57:59.523574,2025-07-09 14:57:59.523574,2025-07-09 16:57:59.523574,4 - Low,Resolved,Security,1,726.0,1,0,4
INC101650,2025-07-10 02:57:59.523574,2025-07-10 17:57:59.523574,2025-07-10 22:57:59.523574,3 - Moderate,Closed,Security,8,15.0,0,0,3
INC101651,2025-09-09 17:57:59.523574,2025-11-09 16:57:59.523574,2025-11-09 17:57:59.523574,3 - Moderate,Closed,Database,9,1463.0,1,0,3
INC101652,2025-08-09 13:57:59.523574,2025-09-09 00:57:59.523574,2025-09-09 02:57:59.523574,4 - Low,Closed,Network,10,731.0,1,0,4
INC101655,2025-12-10 13:57:59.523574,,,4 - Low,Resolved,Application,5,38.0,1,0,4
INC101656,2025-08-10 10:57:59.523574,2025-10-10 20:57:59.523574,2025-10-10 23:57:59.523574,3 - Moderate,Resolved,Application,10,1474.0,1,0,3
INC101657,2025-11-10 11:57:59.523574,2025-11-10 16:57:59.523574,2025-11-10 21:57:59.523574,1 - Critical,Resolved,Security,3,5.0,0,1,1
INC101659,2025-04-10 12:57:59.523574,2025-05-10 20:57:59.523574,2025-06-10 01:57:59.523574,3 - Moderate,Resolved,Security,2,728.0,1,0,3
INC101660,2025-11-10 09:57:59.523574,2025-12-10 04:57:59.523574,2025-12-10 09:57:59.523574,,Closed,Network,9,715.0,1,0,
INC101661,2025-12-10 14:57:59.523574,,,1 - Critical,Resolved,Security,3,39.0,1,0,1
INC101665,2025-06-09 05:57:59.523574,2025-07-09 18:57:59.523574,2025-07-09 21:57:59.523574,4 - Low,Closed,Network,4,733.0,1,0,4
INC101669,2025-03-10 17:57:59.523574,2025-03-10 19:57:59.523574,2025-03-10 22:57:59.523574,4 - Low,Closed,Application,6,2.0,0,1,4
INC101679,2025-02-11 17:57:59.523574,2025-04-11 12:57:59.523574,2025-04-11 16:57:59.523574,3 - Moderate,Resolved,Database,7,1411.0,1,0,3
INC101680,2025-07-10 21:57:59.523574,2025-08-10 22:57:59.523574,2025-08-10 23:57:59.523574,4 - Low,Resolved,Database,10,745.0,1,0,4
INC101683,2025-10-10 11:57:59.523574,2025-11-10 18:57:59.523574,2025-11-10 20:57:59.523574,4 - Low,Resolved,Security,6,751.0,1,0,4
INC101686,2025-04-10 11:57:59.523574,2025-04-10 20:57:59.523574,2025-04-10 21:57:59.523574,2 - High,Closed,Network,9,9.0,0,1,2
INC101687,2025-08-09 22:57:59.523574,2025-09-09 08:57:59.523574,2025-09-09 12:57:59.523574,4 - Low,Resolved,Application,10,730.0,1,0,4
INC101688,2025-05-10 19:57:59.523574,2025-06-10 03:57:59.523574,2025-06-10 06:57:59.523574,1 - Critical,Resolved,Security,6,728.0,1,0,1
INC101691,2025-06-09 03:57:59.523574,2025-08-09 17:57:59.523574,2025-08-09 19:57:59.523574,2 - High,Resolved,Application,6,1478.0,1,0,2
INC101692,2025-04-10 12:57:59.523574,2025-07-10 03:57:59.523574,2025-07-10 05:57:59.523574,1 - Critical,Closed,Application,5,2175.0,1,0,1
INC101693,2025-12-10 20:57:59.523574,,,4 - Low,Resolved,Application,3,34.0,1,0,4
INC101694,2025-01-10 01:57:59.523574,2025-01-10 05:57:59.523574,2025-01-10 07:57:59.523574,2 - High,Closed,Application,5,4.0,0,1,2
INC101695,2025-03-09 12:57:59.523574,2025-04-09 09:57:59.523574,2025-04-09 14:57:59.523574,3 - Moderate,Closed,Application,8,741.0,1,0,3
INC101697,2025-02-11 04:57:59.523574,2025-03-11 19:57:59.523574,2025-03-11 21:57:59.523574,2 - High,Closed,Network,6,687.0,1,0,2
INC101698,2025-03-10 15:57:59.523574,2025-04-10 13:57:59.523574,2025-04-10 16:57:59.523574,4 - Low,Closed,Database,9,742.0,1,0,4
INC101699,2025-09-10 19:57:59.523574,2025-10-10 17:57:59.523574,2025-10-10 22:57:59.523574,3 - Moderate,Resolved,Security,8,718.0,1,0,3
INC101700,2025-02-11 13:57:59.523574,2025-02-11 22:57:59.523574,2025-03-11 01:57:59.523574,4 - Low,Closed,Database,4,9.0,0,1,4
INC101702,2025-10-09 11:57:59.523574,,,1 - Critical,Closed,Database,1,68.0,1,0,1
INC101709,2025-04-10 04:57:59.523574,2025-04-10 17:57:59.523574,2025-04-10 22:57:59.523574,1 - Critical,Closed,Database,5,13.0,0,0,1
INC101712,2025-02-10 01:57:59.523574,2025-03-10 16:57:59.523574,2025-03-10 19:57:59.523574,4 - Low,Closed, Database  ,5,687.0,1,0,4
INC101714,2025-03-10 05:57:59.523574,2025-04-10 04:57:59.523574,2025-04-10 05:57:59.523574,4 - Low,Closed,Security,2,743.0,1,0,4
INC101715,2025-12-10 14:57:59.523574,,,4 - Low,Resolved,Database,4,69.0,1,0,4
INC101718,2025-10-09 05:57:59.523574,2025-11-09 02:57:59.523574,2025-11-09 05:57:59.523574,2 - High,Closed,Security,5,741.0,1,0,2
INC101719,2025-05-09 02:57:59.523574,2025-07-09 15:57:59.523574,2025-07-09 18:57:59.523574,2 - High,Resolved,Application,5,1477.0,1,0,2
INC101722,2025-05-10 02:57:59.523574,2025-05-10 05:57:59.523574,2025-05-10 07:57:59.523574,2 - High,Closed,Database,5,3.0,0,1,2
INC101723,2025-02-11 00:57:59.523574,2025-04-11 07:57:59.523574,2025-04-11 11:57:59.523574,3 - Moderate,Resolved,Application,4,1423.0,1,0,3
INC101724,2025-10-09 02:57:59.523574,2025-10-09 16:57:59.523574,2025-10-09 17:57:59.523574,4 - Low,Resolved,Database,6,14.0,0,0,4
INC101725,2025-03-09 11:57:59.523574,2025-06-09 00:57:59.523574,2025-06-09 01:57:59.523574,4 - Low,Closed,Security,4,2197.0,1,0,4
INC101733,2025-06-10 22:57:59.523574,2025-09-10 13:57:59.523574,2025-09-10 14:57:59.523574,4 - Low,Closed,Network,1,2199.0,1,0,4
INC101736,2025-12-09 18:57:59.523574,,,2 - High,Resolved,Security,2,12.0,0,0,2
INC101737,2025-12-09 02:57:59.523574,,,4 - Low,Closed,Database,2,60.0,1,0,4
INC101739,2025-02-11 15:57:59.523574,2025-04-11 17:57:59.523574,2025-04-11 18:57:59.523574,3 - Moderate,Resolved,Network,6,1418.0,1,0,3
INC101741,2025-06-09 12:57:59.523574,2025-07-09 08:57:59.523574,2025-07-09 10:57:59.523574,3 - Moderate,Resolved,Database,5,716.0,1,0,3
INC101744,2025-07-10 02:57:59.523574,,2025-08-10 10:57:59.523574,2 - High,Resolved,Application,3,30.0,1,0,2
INC101746,2025-05-10 22:57:59.523574,2025-07-10 00:57:59.523574,2025-07-10 02:57:59.523574,4 - Low,Resolved,Security,2,1442.0,1,0,4
INC101747,2025-01-10 16:57:59.523574,2025-04-10 11:57:59.523574,2025-04-10 12:57:59.523574,2 - High,Resolved,Database,2,2155.0,1,0,2
INC101749,2025-12-09 18:57:59.523574,,,1 - Critical,Resolved,Application,8,47.0,1,0,1
INC101750,2025-02-11 22:57:59.523574,2025-05-11 04:57:59.523574,2025-05-11 08:57:59.523574,1 - Critical,Closed,Network,6,2118.0,1,0,1
INC101751,2025-11-09 08:57:59.523574,,,,Resolved,Database,7,56.0,1,0,
INC101752,2025-02-11 02:57:59.523574,2025-03-11 20:57:59.523574,2025-03-11 21:57:59.523574,4 - Low,Resolved,Database,3,690.0,1,0,4
INC101754,2025-08-09 11:57:59.523574,2025-10-09 01:57:59.523574,2025-10-09 04:57:59.523574,2 - High,Resolved,Security,7,1454.0,1,0,2
INC101756,2025-03-10 04:57:59.523574,2025-04-10 20:57:59.523574,2025-05-10 00:57:59.523574,1 - Critical,Closed,Application,10,760.0,1,0,1
INC101757,2025-02-11 10:57:59.523574,2025-04-11 05:57:59.523574,2025-04-11 06:57:59.523574,3 - Moderate,Resolved,Security,3,1411.0,1,0,3
INC101759,2025-12-10 03:57:59.523574,2025-12-10 15:57:59.523574,2025-12-10 19:57:59.523574,1 - Critical,Resolved, nan  ,8,12.0,0,0,1
INC101760,2025-07-10 17:57:59.523574,2025-10-10 02:57:59.523574,2025-10-10 04:57:59.523574,4 - Low,Closed,Network,8,2193.0,1,0,4
INC101761,2025-07-09 02:57:59.523574,2025-07-09 19:57:59.523574,2025-07-09 22:57:59.523574,4 - Low,Resolved,Application,8,17.0,0,0,4
INC101765,2025-06-10 23:57:59.523574,2025-07-10 18:57:59.523574,2025-07-10 23:57:59.523574,3 - Moderate,Closed,Network,1,715.0,1,0,3
INC101767,2025-02-11 16:57:59.523574,2025-05-11 06:57:59.523574,2025-05-11 10:57:59.523574,3 - Moderate,Resolved,Application,10,2126.0,1,0,3
INC101768,2025-06-10 04:57:59.523574,2025-08-10 15:57:59.523574,2025-08-10 20:57:59.523574,4 - Low,Closed,,2,1475.0,1,0,4
INC101771,2025-06-10 14:57:59.523574,2025-06-10 18:57:59.523574,2025-06-10 23:57:59.523574,3 - Moderate,Resolved,Database,4,4.0,0,1,3
INC101772,2025-11-09 07:57:59.523574,2025-11-09 23:57:59.523574,2025-12-09 04:57:59.523574,4 - Low,Resolved,Application,6,16.0,0,0,4
INC101773,2025-05-10 21:57:59.523574,2025-08-10 20:57:59.523574,2025-08-10 21:57:59.523574,3 - Moderate,Closed,Database,9,2207.0,1,0,3
INC101776,2025-11-10 05:57:59.523574,2025-11-10 18:57:59.523574,2025-11-10 20:57:59.523574,2 - High,Resolved,Database,9,13.0,0,0,2
INC101777,2025-10-09 04:57:59.523574,2025-11-09 16:57:59.523574,2025-11-09 17:57:59.523574,4 - Low,Closed,,7,756.0,1,0,4
INC101778,2025-06-09 19:57:59.523574,2025-09-09 07:57:59.523574,2025-09-09 10:57:59.523574,4 - Low,Closed,Database,1,2196.0,1,0,4
INC101781,2025-08-10 16:57:59.523574,2025-09-10 17:57:59.523574,2025-09-10 19:57:59.523574,4 - Low,Resolved,Application,4,745.0,1,0,4
INC101787,2025-01-10 07:57:59.523574,2025-01-10 19:57:59.523574,2025-02-10 00:57:59.523574,2 - High,Resolved,Application,8,12.0,0,0,2
INC101788,2025-08-10 09:57:59.523574,2025-08-10 23:57:59.523574,2025-09-10 02:57:59.523574,4 - Low,Closed,Application,9,14.0,0,0,4
INC101789,2025-07-10 13:57:59.523574,2025-08-10 22:57:59.523574,2025-09-10 01:57:59.523574,3 - Moderate,Resolved,Network,2,753.0,1,0,3
INC101795,2025-01-11 14:57:59.523574,2025-03-11 09:57:59.523574,2025-03-11 10:57:59.523574,2 - High,Closed,Application,1,1411.0,1,0,2
INC101796,2025-10-09 02:57:59.523574,2025-12-09 00:57:59.523574,2025-12-09 03:57:59.523574,4 - Low,Resolved,Application,5,1462.0,1,0,4
INC101801,2025-12-10 00:57:59.523574,,,4 - Low,Resolved,Database,6,57.0,1,0,4
INC101806,2025-03-10 03:57:59.523574,2025-04-10 08:57:59.523574,2025-04-10 10:57:59.523574,1 - Critical,Closed,Database,4,749.0,1,0,1
INC101807,2025-03-11 01:57:59.523574,2025-04-11 09:57:59.523574,2025-04-11 10:57:59.523574,2 - High,Closed,Security,7,752.0,1,0,2
INC101808,2025-08-10 05:57:59.523574,2025-11-10 00:57:59.523574,2025-11-10 05:57:59.523574,2 - High,Closed,Security,5,2203.0,1,0,2
INC101812,2025-05-10 02:57:59.523574,2025-05-10 09:57:59.523574,2025-05-10 13:57:59.523574,2 - High,Closed, Security  ,10,7.0,0,1,2
INC101814,2025-08-09 12:57:59.523574,2025-09-09 07:57:59.523574,2025-09-09 08:57:59.523574,4 - Low,Resolved,Application,5,739.0,1,0,4
INC101815,2025-03-09 11:57:59.523574,2025-03-09 15:57:59.523574,2025-03-09 20:57:59.523574,3 - Moderate,Closed,Security,3,4.0,0,1,3
INC101823,2025-12-10 20:57:59.523574,,,1 - Critical,Resolved,Application,10,13.0,0,0,1
INC101825,2025-03-11 00:57:59.523574,2025-05-11 02:57:59.523574,2025-05-11 05:57:59.523574,1 - Critical,Closed,Network,2,1466.0,1,0,1
INC101835,2025-01-11 19:57:59.523574,2025-02-11 09:57:59.523574,2025-02-11 12:57:59.523574,4 - Low,Closed,Security,5,734.0,1,0,4
INC101837,2025-06-09 16:57:59.523574,2025-09-09 14:57:59.523574,2025-09-09 16:57:59.523574,3 - Moderate,Resolved,Application,9,2206.0,1,0,3
INC101839,2025-01-10 23:57:59.523574,2025-02-10 05:57:59.523574,2025-02-10 07:57:59.523574,2 - High,Closed,Network,3,726.0,1,0,2
INC101851,2025-06-10 15:57:59.523574,2025-08-10 15:57:59.523574,2025-08-10 19:57:59.523574,2 - High,Closed,Database,10,1464.0,1,0,2
INC101853,2025-04-09 06:57:59.523574,2025-06-09 02:57:59.523574,2025-06-09 05:57:59.523574,1 - Critical,Closed,Database,8,1460.0,1,0,1
INC101854,2025-06-09 14:57:59.523574,2025-06-09 22:57:59.523574,2025-07-09 02:57:59.523574,2 - High,Resolved,Security,5,8.0,0,1,2
INC101856,2025-11-09 03:57:59.523574,,,1 - Critical,Resolved,Database,9,68.0,1,0,1
INC101858,2025-01-11 06:57:59.523574,2025-01-11 20:57:59.523574,2025-01-11 22:57:59.523574,3 - Moderate,Closed,Network,1,14.0,0,0,3
INC101859,2025-11-09 22:57:59.523574,2025-12-09 14:57:59.523574,2025-12-09 16:57:59.523574,1 - Critical,Resolved,Network,1,712.0,1,0,1
INC101860,2025-04-09 16:57:59.523574,2025-06-09 18:57:59.523574,2025-06-09 21:57:59.523574,4 - Low,Closed,,4,1466.0,1,0,4
INC101865,2025-07-10 21:57:59.523574,2025-10-10 08:57:59.523574,2025-10-10 12:57:59.523574,4 - Low,Closed,Security,8,2195.0,1,0,4
INC101868,2025-09-10 06:57:59.523574,2025-11-10 19:57:59.523574,2025-11-10 20:57:59.523574,2 - High,Closed,Security,10,1477.0,1,0,2
INC101872,2025-08-09 11:57:59.523574,2025-09-09 04:57:59.523574,2025-09-09 08:57:59.523574,2 - High,Resolved,Application,2,737.0,1,0,2
INC101876,2025-12-09 17:57:59.523574,,,1 - Critical,Closed,Database,2,21.0,0,0,1
INC101878,2025-05-09 20:57:59.523574,2025-06-09 09:57:59.523574,2025-06-09 10:57:59.523574,2 - High,Closed,Database,8,733.0,1,0,2
INC101879,2025-04-10 05:57:59.523574,2025-04-10 08:57:59.523574,2025-04-10 13:57:59.523574,4 - Low,Closed,Application,10,3.0,0,1,4
INC101880,2025-06-10 10:57:59.523574,2025-09-10 01:57:59.523574,2025-09-10 06:57:59.523574,2 - High,Closed,Application,2,2199.0,1,0,2
INC101882,2025-04-09 13:57:59.523574,2025-05-09 15:57:59.523574,2025-05-09 18:57:59.523574,1 - Critical,Resolved,Application,6,722.0,1,0,1
INC101883,2025-01-11 15:57:59.523574,2025-03-11 21:57:59.523574,2025-03-11 23:57:59.523574,4 - Low,Closed,Application,4,1422.0,1,0,4
INC101884,2025-01-10 10:57:59.523574,2025-04-10 01:57:59.523574,2025-04-10 04:57:59.523574,3 - Moderate,Resolved,Database,4,2151.0,1,0,3
INC101886,2025-12-10 17:57:59.523574,2025-12-10 22:57:59.523574,,1 - Critical,Resolved,Network,5,5.0,0,1,1
INC101888,2025-10-10 18:57:59.523574,,,3 - Moderate,Resolved,Application,6,55.0,1,0,3
INC101890,2025-12-09 13:57:59.523574,,,1 - Critical,Resolved,Network,3,41.0,1,0,1
INC101897,2025-04-10 01:57:59.523574,2025-04-10 09:57:59.523574,2025-04-10 13:57:59.523574,2 - High,Resolved,Database,2,8.0,0,1,2
INC101900,2025-01-10 14:57:59.523574,2025-03-10 03:57:59.523574,2025-03-10 05:57:59.523574,4 - Low,Closed,Security,6,1405.0,1,0,4
INC101901,2025-01-10 10:57:59.523574,2025-02-10 19:57:59.523574,2025-02-10 22:57:59.523574,2 - High,Resolved,Database,1,753.0,1,0,2
INC101902,2025-02-10 23:57:59.523574,2025-03-10 07:57:59.523574,2025-03-10 12:57:59.523574,1 - Critical,Resolved,Security,8,656.0,1,0,1
INC101907,2025-04-10 20:57:59.523574,2025-07-10 06:57:59.523574,2025-07-10 08:57:59.523574,4 - Low,Closed,Database,7,2170.0,1,0,4
INC101908,2025-09-09 06:57:59.523574,2025-10-09 23:57:59.523574,2025-11-09 03:57:59.523574,1 - Critical,Closed,Database,6,737.0,1,0,1
INC101909,2025-06-10 13:57:59.523574,2025-07-10 12:57:59.523574,2025-07-10 14:57:59.523574,1 - Critical,Resolved,Database,2,719.0,1,0,1
INC101910,2025-08-10 19:57:59.523574,2025-09-10 15:57:59.523574,2025-09-10 18:57:59.523574,1 - Critical,Resolved,Application,1,740.0,1,0,1
INC101911,2025-09-10 05:57:59.523574,2025-10-10 20:57:59.523574,2025-11-10 01:57:59.523574,4 - Low,Resolved,Application,4,735.0,1,0,4
INC101913,2025-12-10 07:57:59.523574,,2025-12-10 19:57:59.523574,1 - Critical,Closed,Security,3,9.0,0,1,1
INC101915,2025-12-10 14:57:59.523574,,,2 - High,Resolved,Security,10,40.0,1,0,2
INC101916,2025-01-10 01:57:59.523574,2025-02-10 21:57:59.523574,2025-03-10 00:57:59.523574,2 - High,Closed,Database,10,764.0,1,0,2
INC101927,2025-01-11 14:57:59.523574,2025-03-11 20:57:59.523574,2025-03-11 21:57:59.523574,1 - Critical,Closed,Application,3,1422.0,1,0,1
INC101929,2025-05-10 02:57:59.523574,2025-06-10 04:57:59.523574,2025-06-10 09:57:59.523574,3 - Moderate,Closed,Security,3,746.0,1,0,3
INC101938,2025-04-10 09:57:59.523574,2025-04-10 15:57:59.523574,2025-04-10 17:57:59.523574,2 - High,Resolved,Database,3,6.0,0,1,2
INC101941,2025-02-11 23:57:59.523574,2025-03-11 10:57:59.523574,2025-03-11 15:57:59.523574,4 - Low,Resolved,Application,7,659.0,1,0,4
INC101943,2025-01-10 22:57:59.523574,2025-02-10 19:57:59.523574,2025-02-10 21:57:59.523574,3 - Moderate,Closed,Application,4,741.0,1,0,3
INC101944,2025-07-09 02:57:59.523574,2025-09-09 05:57:59.523574,2025-09-09 06:57:59.523574,3 - Moderate,Closed,Application,1,1491.0,1,0,3
INC101946,2025-10-10 07:57:59.523574,2025-11-10 10:57:59.523574,2025-11-10 12:57:59.523574,1 - Critical,Resolved,Application,10,747.0,1,0,1
INC101947,2025-10-10 20:57:59.523574,2025-11-10 03:57:59.523574,2025-11-10 05:57:59.523574,3 - Moderate,Resolved,Application,9,727.0,1,0,3
INC101951,2025-10-09 10:57:59.523574,2025-11-09 22:57:59.523574,2025-11-09 23:57:59.523574,1 - Critical,Closed,Application,7,756.0,1,0,1
INC101963,2025-12-10 01:57:59.523574,2025-12-10 20:57:59.523574,,4 - Low,Closed,Security,7,19.0,0,0,4
INC101965,2025-08-09 09:57:59.523574,2025-10-09 05:57:59.523574,2025-10-09 10:57:59.523574,2 - High,Closed,Database,9,1460.0,1,0,2
INC101967,2025-01-10 17:57:59.523574,2025-01-10 23:57:59.523574,2025-02-10 04:57:59.523574,1 - Critical,Resolved,Network,5,6.0,0,1,1
INC101971,2025-03-10 06:57:59.523574,2025-03-10 16:57:59.523574,2025-03-10 19:57:59.523574,1 - Critical,Closed,Database,5,10.0,0,1,1
INC101974,2025-06-10 23:57:59.523574,2025-09-10 03:57:59.523574,2025-09-10 04:57:59.523574,1 - Critical,Closed,Application,7,2188.0,1,0,1
INC101976,2025-03-10 00:57:59.523574,2025-04-10 21:57:59.523574,2025-04-10 22:57:59.523574,1 - Critical,Closed,Application,7,765.0,1,0,1
INC101977,2025-06-10 12:57:59.523574,2025-08-10 09:57:59.523574,2025-08-10 13:57:59.523574,1 - Critical,Closed,Network,1,1461.0,1,0,1
INC101979,2025-04-10 22:57:59.523574,2025-06-10 18:57:59.523574,2025-06-10 20:57:59.523574,1 - Critical,Resolved,Security,6,1460.0,1,0,1
INC101982,2025-05-10 02:57:59.523574,2025-07-10 04:57:59.523574,2025-07-10 09:57:59.523574,2 - High,Closed,Network,10,1466.0,1,0,2
INC101985,2025-03-10 19:57:59.523574,2025-05-10 03:57:59.523574,2025-05-10 04:57:59.523574,2 - High,Resolved,Security,7,1448.0,1,0,2
INC101991,2025-02-11 05:57:59.523574,2025-02-11 17:57:59.523574,2025-02-11 22:57:59.523574,1 - Critical,Resolved,Database,8,12.0,0,0,1
INC101998,2025-10-09 14:57:59.523574,2025-12-09 13:57:59.523574,2025-12-09 15:57:59.523574,4 - Low,Closed,Application,1,1463.0,1,0,4
INC101999,2025-01-11 00:57:59.523574,2025-03-11 03:57:59.523574,2025-03-11 04:57:59.523574,4 - Low,Closed,Database,7,1419.0,1,0,4
INC101860,2025-04-09 16:57:59.523574,2025-06-09 18:57:59.523574,2025-06-09 21:57:59.523574,4 - Low,Closed,Security,4,1466.0,1,0,4
INC100056,2025-10-10 21:57:59.523574,2025-11-10 06:57:59.523574,2025-11-10 09:57:59.523574,2 - High,Resolved,Application,5,729.0,1,0,2
